word,good,bad
clomp,5120,156
stamp,5119,157
stomp,5116,160
cramp,5112,164
tromp,5109,167
blimp,5108,168
tramp,5100,176
crump,5098,178
trump,5098,178
crimp,5096,180
scamp,5094,182
march,5093,183
sperm,5093,183
clamp,5091,185
lymph,5089,187
nymph,5089,187
parch,5089,187
plumb,5089,187
proms,5089,187
thumb,5089,187
charm,5088,188
sprit,5088,188
strap,5087,189
strep,5086,190
campo,5085,191
maple,5085,191
clump,5084,192
staph,5084,192
swamp,5084,192
thump,5084,192
print,5083,193
prong,5083,193
frump,5082,194
moped,5082,194
perch,5082,194
thong,5082,194
mulct,5081,195
splat,5081,195
blend,5080,196
camps,5080,196
crept,5080,196
impel,5080,196
scrap,5080,196
whipt,5080,196
cleft,5079,197
drown,5079,197
patch,5079,197
twang,5079,197
ample,5078,198
champ,5078,198
impro,5078,198
morph,5078,198
palms,5078,198
scalp,5078,198
tamps,5078,198
carom,5077,199
natch,5077,199
ambit,5076,200
crypt,5076,200
lamps,5076,200
brent,5075,201
filth,5075,201
perms,5075,201
prowl,5075,201
romps,5075,201
swept,5075,201
berth,5074,202
brawn,5074,202
chomp,5074,202
crumb,5074,202
brant,5073,203
chant,5073,203
padre,5073,203
palmy,5073,203
temps,5073,203
thwap,5073,203
blown,5072,204
carob,5072,204
flirt,5072,204
grump,5072,204
pilot,5072,204
primo,5072,204
spelt,5072,204
split,5072,204
carpy,5070,206
latch,5070,206
limbo,5070,206
mirth,5070,206
shlep,5070,206
throb,5070,206
batch,5069,207
psalm,5069,207
sprat,5069,207
tempi,5069,207
therm,5069,207
blond,5068,208
clops,5068,208
dwarf,5068,208
motel,5068,208
picot,5068,208
pleat,5068,208
remap,5068,208
spang,5068,208
twerp,5068,208
baton,5067,209
chump,5067,209
comps,5067,209
forma,5067,209
smack,5067,209
strop,5067,209
twirp,5067,209
blame,5066,210
epact,5066,210
prawn,5066,210
prick,5066,210
probe,5066,210
sylph,5066,210
whelm,5066,210
amply,5065,211
apron,5065,211
bland,5065,211
firth,5065,211
lambs,5065,211
notch,5065,211
ramps,5065,211
smock,5065,211
spawn,5065,211
tempo,5065,211
balms,5064,212
baron,5064,212
chimp,5064,212
damps,5064,212
delft,5064,212
grift,5064,212
milch,5064,212
plant,5545,212
plots,5064,212
scant,5064,212
welch,5064,212
bronc,5063,213
copra,5063,213
franc,5063,213
ftped,5063,213
pride,5063,213
retch,5063,213
spilt,5063,213
sport,5063,213
thrum,5063,213
aleph,5062,214
brand,5062,214
draft,5062,214
panel,5062,214
plonk,5062,214
pried,5062,214
proem,5062,214
scram,5062,214
tench,5062,214
whelp,5062,214
blunt,5061,215
grant,5061,215
growl,5061,215
ombre,5061,215
scarp,5061,215
spate,5061,215
speck,5061,215
spoil,5061,215
stump,5061,215
belch,5060,216
black,5541,216
whomp,5060,216
balmy,5059,217
bract,5059,217
bumph,5059,217
flint,5059,217
flock,5059,217
flown,5059,217
limps,5059,217
malts,5059,217
prams,5059,217
prods,5059,217
sprog,5059,217
capon,5058,218
flabs,5058,218
munch,5058,218
pater,5058,218
punch,5058,218
slope,5058,218
talcs,5058,218
taper,5058,218
tarps,5058,218
broth,5057,219
camel,5057,219
filet,5057,219
flaps,5057,219
graft,5057,219
macro,5057,219
plats,5057,219
rhumb,5057,219
scrip,5057,219
tombs,5057,219
wroth,5057,219
biped,5056,220
comet,5056,220
hemps,5056,220
letup,5056,220
ogled,5056,220
plasm,5056,220
prest,5056,220
slant,5056,220
sprig,5056,220
spurt,5056,220
twirl,5056,220
adopt,5055,221
chard,5055,221
fleck,5055,221
marge,5055,221
mired,5055,221
moldy,5055,221
optic,5055,221
poled,5055,221
prism,5055,221
ripen,5055,221
scope,5055,221
tripe,5055,221
dreck,5054,222
drift,5054,222
facto,5054,222
frond,5054,222
imbed,5054,222
mitre,5054,222
plebs,5054,222
plied,5054,222
plume,5054,222
prate,5054,222
smote,5054,222
strum,5054,222
trips,5054,222
tuple,5054,222
umpty,5054,222
bipod,5053,223
bleat,5053,223
bloat,5053,223
croft,5053,223
flame,5053,223
flops,5053,223
gland,5053,223
lefty,5053,223
lepta,5053,223
litre,5053,223
loped,5053,223
moper,5053,223
pacts,5053,223
prink,5053,223
schmo,5053,223
smart,5053,223
toped,5053,223
amped,5052,224
bench,5052,224
blats,5052,224
brick,5052,224
darts,5052,224
drawl,5052,224
froth,5052,224
gimel,5052,224
glint,5052,224
inapt,5052,224
lieth,5052,224
modal,5052,224
radon,5052,224
scowl,5052,224
scrod,5052,224
shalt,5052,224
talon,5052,224
barms,5051,225
birth,5051,225
chaps,5051,225
chirp,5051,225
clown,5051,225
dolce,5051,225
harpy,5051,225
hempy,5051,225
pards,5051,225
piled,5051,225
plows,5051,225
polar,5051,225
recap,5051,225
slump,5051,225
tempt,5051,225
trick,5051,225
vamps,5051,225
amber,5050,226
berms,5050,226
blips,5050,226
brawl,5050,226
cling,5050,226
fling,5050,226
marsh,5050,226
melba,5050,226
melts,5050,226
mulch,5050,226
petri,5050,226
plods,5050,226
porch,5050,226
prims,5050,226
sling,5050,226
splay,5050,226
tango,5050,226
typal,5050,226
amble,5049,227
badly,5049,227
bider,5049,227
bidet,5049,227
bight,5049,227
borne,5049,227
botch,5049,227
carps,5049,227
crown,5049,227
doper,5049,227
girth,5049,227
lathe,5049,227
molts,5049,227
motif,5049,227
pared,5049,227
paren,5049,227
pinch,5049,227
piton,5049,227
plaid,5049,227
plums,5049,227
scent,5049,227
tecum,5049,227
whump,5049,227
abled,5048,228
bitch,5048,228
blade,5048,228
blink,5048,228
campy,5048,228
clime,5048,228
ephod,5048,228
filch,5048,228
float,5048,228
grasp,5048,228
grind,5048,228
limen,5048,228
lithe,5048,228
macho,5048,228
opted,5048,228
panic,5048,228
paten,5048,228
plena,5048,228
prima,5048,228
scold,5048,228
septa,5048,228
tapir,5048,228
torch,5048,228
trawl,5048,228
umbel,5048,228
aport,5047,229
aptly,5047,229
dimer,5047,229
holed,5047,229
humpf,5047,229
lamed,5047,229
micro,5047,229
mocha,5047,229
monad,5047,229
orbed,5047,229
pants,5047,229
petal,5047,229
rimed,5047,229
shame,5047,229
swath,5047,229
tulip,5047,229
umped,5047,229
aloft,5046,230
baled,5046,230
brunt,5046,230
drape,5046,230
eclat,5046,230
elbow,5046,230
golem,5046,230
ketch,5046,230
leapt,5046,230
loath,5046,230
manor,5046,230
mohel,5046,230
molar,5046,230
nomad,5046,230
paled,5046,230
pedal,5046,230
pined,5046,230
plank,5046,230
plein,5046,230
robed,5046,230
roman,5046,230
roped,5046,230
rumps,5046,230
smite,5046,230
snipe,5046,230
spine,5046,230
thief,5046,230
treap,5046,230
wiped,5046,230
badge,5045,231
blitz,5045,231
cheap,5045,231
clasp,5045,231
fetch,5045,231
melon,5045,231
mufti,5045,231
noble,5045,231
packs,5045,231
panty,5045,231
pawls,5045,231
pelts,5045,231
phone,5045,231
pored,5045,231
rumba,5045,231
skimp,5045,231
tamer,5045,231
thunk,5045,231
tiler,5045,231
chert,5044,232
clang,5044,232
coped,5044,232
crawl,5044,232
dogma,5044,232
getup,5044,232
gloms,5044,232
grand,5044,232
limed,5044,232
lumps,5044,232
pilaf,5044,232
ports,5044,232
profs,5044,232
sloth,5044,232
smirk,5044,232
spade,5044,232
stack,5044,232
timed,5044,232
timer,5044,232
vapor,5044,232
width,5044,232
altho,5043,233
balds,5043,233
bowed,5043,233
burnt,5043,233
cargo,5043,233
claps,5043,233
crime,5043,233
cruft,5043,233
depth,5524,233
flams,5043,233
homed,5043,233
miter,5043,233
moral,5043,233
poach,5043,233
raped,5043,233
remit,5043,233
sable,5043,233
smelt,5043,233
traps,5043,233
turps,5043,233
bards,5042,234
bathe,5042,234
chalk,5042,234
cloak,5042,234
dwelt,5042,234
empty,5523,234
flick,5042,234
lemon,5042,234
lobed,5042,234
mince,5042,234
month,5523,234
owlet,5042,234
peril,5042,234
photo,5042,234
pismo,5042,234
pivot,5042,234
poler,5042,234
slack,5042,234
smith,5042,234
spank,5042,234
spire,5042,234
swirl,5042,234
veldt,5042,234
wench,5042,234
witch,5042,234
biter,5041,235
blest,5041,235
brink,5041,235
bumpy,5041,235
cable,5041,235
calms,5041,235
carol,5041,235
caron,5041,235
cleat,5041,235
clips,5041,235
corms,5041,235
drabs,5041,235
duple,5041,235
flack,5041,235
haply,5041,235
kelpy,5041,235
madly,5041,235
merit,5041,235
pasty,5041,235
pinto,5041,235
prank,5041,235
pylon,5041,235
redip,5041,235
scrim,5041,235
unapt,5041,235
bared,5040,236
blurt,5040,236
bream,5040,236
brute,5040,236
butch,5040,236
corps,5040,236
craft,5040,236
crank,5040,236
darns,5040,236
dicot,5040,236
donut,5040,236
fibre,5040,236
firma,5040,236
focal,5040,236
lards,5040,236
laths,5040,236
mater,5040,236
pacer,5040,236
plink,5040,236
scrum,5040,236
smurf,5040,236
spied,5040,236
tonal,5040,236
trend,5040,236
trims,5040,236
vitam,5040,236
wilco,5040,236
wimps,5040,236
abort,5039,237
bacon,5039,237
bagel,5039,237
barmy,5039,237
carte,5039,237
climb,5520,237
debar,5039,237
dorms,5039,237
felon,5039,237
horde,5039,237
leant,5039,237
lumen,5039,237
mined,5039,237
pends,5039,237
plait,5039,237
plead,5039,237
pluck,5039,237
polka,5039,237
ponds,5039,237
salon,5039,237
spare,5039,237
spray,5039,237
stoma,5039,237
sworn,5039,237
tabor,5039,237
thyme,5039,237
admit,5038,238
birch,5038,238
blots,5038,238
darks,5038,238
demon,5038,238
dolts,5038,238
drank,5038,238
epsom,5038,238
fired,5038,238
flats,5038,238
hadst,5038,238
knops,5038,238
limbs,5038,238
lobar,5038,238
lynch,5038,238
manly,5038,238
melds,5038,238
mercy,5038,238
miner,5038,238
olden,5038,238
pales,5038,238
pecan,5038,238
pruta,5038,238
skirt,5038,238
swift,5038,238
thanx,5038,238
tiled,5038,238
unmet,5038,238
wiper,5038,238
balky,5037,239
bedim,5037,239
bolts,5037,239
brief,5037,239
canto,5037,239
cobra,5037,239
crams,5037,239
culpa,5037,239
delta,5037,239
dirge,5037,239
flute,5037,239
frown,5037,239
gnarl,5037,239
gronk,5037,239
inept,5037,239
lifer,5037,239
marls,5037,239
medal,5037,239
plyer,5037,239
promo,5037,239
reman,5037,239
scald,5037,239
shawm,5037,239
shock,5037,239
slurp,5037,239
spark,5037,239
stank,5037,239
tamed,5037,239
toric,5037,239
wetly,5037,239
wrath,5037,239
wring,5037,239
bigot,5036,240
blast,5036,240
cards,5036,240
caret,5036,240
cheat,5036,240
clams,5036,240
clink,5036,240
coder,5036,240
dieth,5036,240
fermi,5036,240
flake,5036,240
flips,5036,240
frank,5036,240
globs,5036,240
grapy,5036,240
liter,5036,240
macer,5036,240
malty,5036,240
paths,5036,240
snort,5036,240
tonic,5036,240
tubed,5036,240
warms,5036,240
album,5035,241
argon,5035,241
barge,5035,241
bawls,5035,241
blank,5516,241
blued,5035,241
bored,5035,241
boric,5035,241
bride,5035,241
caper,5035,241
credo,5035,241
dingo,5035,241
fiber,5035,241
frock,5035,241
gloat,5035,241
glyph,5035,241
habit,5035,241
harem,5035,241
lapin,5035,241
loper,5035,241
lumpy,5035,241
mated,5035,241
paler,5035,241
primp,5035,241
prone,5035,241
rands,5035,241
tidal,5035,241
tilde,5035,241
warps,5035,241
abler,5034,242
actin,5034,242
admen,5034,242
aglow,5034,242
antic,5034,242
bowel,5034,242
brack,5034,242
dowel,5034,242
drams,5034,242
epoch,5034,242
fiord,5034,242
flora,5034,242
gamin,5034,242
greps,5034,242
inlet,5034,242
larch,5034,242
morts,5034,242
plebe,5034,242
plumy,5034,242
pocks,5034,242
rapid,5034,242
react,5034,242
recta,5034,242
shred,5034,242
swarm,5034,242
sword,5034,242
taped,5034,242
troop,5034,242
umbra,5034,242
viper,5034,242
wired,5034,242
blahs,5033,243
broil,5033,243
clank,5033,243
croak,5033,243
downs,5033,243
drags,5033,243
dumpy,5033,243
fable,5033,243
faint,5033,243
filed,5033,243
halts,5033,243
imply,5033,243
laced,5033,243
leaps,5033,243
lento,5033,243
mowed,5033,243
nobly,5033,243
plunk,5033,243
prows,5033,243
scorn,5033,243
slaps,5033,243
slops,5033,243
stony,5033,243
throe,5033,243
tribs,5033,243
trice,5033,243
armed,5032,244
barks,5032,244
befit,5032,244
brine,5032,244
bumps,5032,244
canst,5032,244
craps,5032,244
croup,5032,244
debts,5032,244
depot,5032,244
dicta,5032,244
doeth,5032,244
mango,5032,244
manic,5032,244
octal,5032,244
parks,5032,244
phial,5032,244
roble,5032,244
stoop,5032,244
straw,5032,244
tardy,5032,244
turbo,5032,244
typed,5032,244
unmap,5032,244
alder,5031,245
betel,5031,245
blocs,5031,245
ditch,5031,245
endow,5031,245
fagot,5031,245
filer,5031,245
himbo,5031,245
ingot,5031,245
lapse,5031,245
largo,5031,245
lodge,5031,245
mange,5031,245
morel,5031,245
pshaw,5031,245
purty,5031,245
rabid,5031,245
raths,5031,245
scoop,5031,245
sepal,5031,245
snoop,5031,245
spina,5031,245
stalk,5031,245
wreck,5031,245
adorn,5030,246
baler,5030,246
beryl,5030,246
bilge,5030,246
brace,5030,246
cored,5030,246
crink,5030,246
derby,5030,246
hyped,5030,246
locks,5030,246
lowed,5030,246
lurch,5030,246
match,5511,246
molds,5030,246
monic,5030,246
narco,5030,246
nards,5030,246
paned,5030,246
peals,5030,246
relic,5030,246
rivet,5030,246
scarf,5030,246
spake,5030,246
torah,5030,246
vetch,5030,246
agent,5029,247
belts,5029,247
bhang,5029,247
binge,5029,247
blear,5029,247
bloke,5029,247
cider,5029,247
clews,5029,247
clone,5029,247
damns,5029,247
decal,5029,247
drips,5029,247
dumps,5029,247
enact,5029,247
feral,5029,247
flaws,5029,247
gamer,5029,247
helms,5029,247
maths,5029,247
mends,5029,247
metro,5029,247
mocks,5029,247
pangs,5029,247
paste,5029,247
reply,5029,247
scrub,5029,247
smear,5029,247
spasm,5029,247
spent,5510,247
talks,5029,247
tarns,5029,247
thine,5029,247
tubal,5029,247
wiled,5029,247
adept,5028,248
bodge,5028,248
boned,5028,248
brads,5028,248
dicer,5028,248
embed,5028,248
facet,5028,248
flank,5028,248
gable,5028,248
gamut,5028,248
grime,5028,248
hilts,5028,248
legit,5028,248
lochs,5028,248
lofts,5028,248
marts,5028,248
mount,5028,248
opals,5028,248
paced,5028,248
pawns,5028,248
poked,5028,248
polis,5028,248
raced,5028,248
salty,5028,248
shift,5028,248
slate,5028,248
spore,5028,248
sprue,5028,248
spume,5028,248
stork,5028,248
topaz,5028,248
trams,5028,248
twink,5028,248
block,5508,249
brows,5027,249
clans,5027,249
clefs,5027,249
clods,5027,249
droop,5027,249
farce,5027,249
fleet,5027,249
flied,5027,249
forte,5027,249
germs,5027,249
gilts,5027,249
glads,5027,249
grope,5027,249
harms,5027,249
lacer,5027,249
limit,5027,249
panda,5027,249
parse,5027,249
pints,5027,249
pions,5027,249
piths,5027,249
purls,5027,249
refit,5027,249
rifle,5027,249
sabre,5027,249
shelf,5027,249
sherd,5027,249
stern,5027,249
thane,5027,249
tinge,5027,249
valet,5027,249
whelk,5027,249
wider,5027,249
wilds,5027,249
acorn,5026,250
angel,5026,250
bends,5026,250
blare,5026,250
bonds,5026,250
chime,5026,250
clove,5026,250
coral,5026,250
dater,5026,250
dhows,5026,250
drama,5026,250
drone,5026,250
famed,5026,250
fecal,5026,250
films,5026,250
flier,5026,250
glens,5026,250
gripe,5026,250
matzo,5026,250
metre,5026,250
miler,5026,250
mrads,5026,250
nicad,5026,250
peach,5026,250
pewit,5026,250
piker,5026,250
recto,5026,250
rehab,5026,250
ridge,5026,250
rowed,5026,250
shack,5026,250
shard,5026,250
shorn,5026,250
sputa,5026,250
steal,5026,250
stela,5026,250
swart,5026,250
thorn,5026,250
toned,5026,250
towel,5026,250
wolds,5026,250
bands,5025,251
baths,5025,251
bruit,5025,251
burps,5025,251
cadre,5025,251
claws,5025,251
clerk,5025,251
coper,5025,251
datum,5025,251
dealt,5025,251
ethic,5025,251
flits,5025,251
frost,5025,251
gibed,5025,251
groan,5025,251
hired,5025,251
latin,5025,251
lifts,5025,251
limby,5025,251
mower,5025,251
oncet,5025,251
oweth,5025,251
pager,5025,251
pinko,5025,251
poker,5025,251
porky,5025,251
rated,5025,251
spier,5025,251
spoon,5025,251
stale,5025,251
stops,5025,251
sumac,5025,251
table,5506,251
tared,5025,251
upend,5025,251
vomit,5025,251
waltz,5025,251
ahold,5024,252
balks,5024,252
barns,5024,252
bents,5024,252
bingo,5024,252
colds,5024,252
combs,5024,252
crisp,5024,252
dopey,5024,252
edict,5024,252
flags,5024,252
folds,5024,252
garde,5024,252
grads,5024,252
hider,5024,252
idler,5024,252
laden,5024,252
liven,5024,252
mound,5024,252
ohmic,5024,252
penal,5024,252
pleas,5024,252
raspy,5024,252
realm,5024,252
rebid,5024,252
rebut,5024,252
riled,5024,252
robin,5024,252
rumen,5024,252
saber,5024,252
sadly,5024,252
shrub,5024,252
slang,5024,252
slept,5505,252
smoky,5024,252
tangy,5024,252
towed,5024,252
trows,5024,252
vocab,5024,252
wards,5024,252
worms,5024,252
actor,5023,253
baric,5023,253
beths,5023,253
biked,5023,253
braid,5023,253
brown,5504,253
carny,5023,253
cento,5023,253
erupt,5023,253
flows,5023,253
folic,5023,253
frets,5023,253
fried,5023,253
ganef,5023,253
golds,5023,253
hotel,5023,253
knelt,5023,253
lined,5023,253
merge,5023,253
miked,5023,253
moths,5023,253
organ,5023,253
pithy,5023,253
snarf,5023,253
swami,5023,253
teals,5023,253
trews,5023,253
twain,5023,253
twine,5023,253
wharf,5023,253
whirl,5023,253
adlib,5022,254
baldy,5022,254
barfs,5022,254
bated,5022,254
beams,5022,254
bravo,5022,254
cared,5022,254
darky,5022,254
fatly,5022,254
fords,5022,254
gamic,5022,254
gloom,5022,254
grunt,5022,254
harps,5022,254
iambs,5022,254
input,5022,254
knobs,5022,254
midst,5022,254
norms,5022,254
noted,5022,254
plate,5503,254
prime,5503,254
raged,5022,254
rants,5022,254
redly,5022,254
riced,5022,254
shaft,5022,254
snarl,5022,254
spool,5022,254
steno,5022,254
swipe,5022,254
synod,5022,254
talky,5022,254
tends,5022,254
blows,5021,255
broom,5021,255
brung,5021,255
caped,5021,255
clave,5021,255
diner,5021,255
dower,5021,255
drums,5021,255
fetal,5021,255
fetor,5021,255
finer,5021,255
folks,5021,255
gelds,5021,255
ghoti,5021,255
glitz,5021,255
hilum,5021,255
hovel,5021,255
lingo,5021,255
maned,5021,255
myths,5021,255
pawer,5021,255
place,5502,255
sahib,5021,255
scaly,5021,255
slime,5021,255
snoot,5021,255
spiny,5021,255
spots,5021,255
strew,5021,255
strip,5502,255
tales,5021,255
toper,5021,255
whack,5021,255
winch,5021,255
backs,5020,256
batik,5020,256
brans,5020,256
bylaw,5020,256
calve,5020,256
chops,5020,256
chore,5020,256
clubs,5020,256
creep,5020,256
creme,5020,256
debit,5020,256
elfin,5020,256
gaper,5020,256
lapis,5020,256
lings,5020,256
manta,5020,256
medic,5020,256
milky,5020,256
monte,5020,256
nacho,5020,256
oring,5020,256
owned,5020,256
pitch,5501,256
plugs,5020,256
riven,5020,256
spend,5501,256
sting,5020,256
trans,5020,256
triad,5020,256
tunic,5020,256
venom,5020,256
beget,5019,257
carve,5019,257
clots,5019,257
covet,5019,257
ferny,5019,257
fined,5019,257
flogs,5019,257
forts,5019,257
giber,5019,257
gonad,5019,257
gulch,5019,257
harum,5019,257
kaput,5019,257
lamer,5019,257
larks,5019,257
livre,5019,257
login,5019,257
maven,5019,257
morns,5019,257
muted,5019,257
muter,5019,257
namer,5019,257
paged,5019,257
poems,5019,257
porks,5019,257
refly,5019,257
rived,5019,257
shawl,5019,257
sired,5019,257
slick,5019,257
spats,5019,257
swank,5019,257
tacks,5019,257
techy,5019,257
tiger,5019,257
valor,5019,257
wield,5019,257
wrung,5019,257
bergs,5018,258
biker,5018,258
brash,5018,258
bruin,5018,258
capos,5018,258
cowls,5018,258
crash,5018,258
crest,5018,258
deign,5018,258
dorks,5018,258
dweeb,5018,258
enrol,5018,258
fiver,5018,258
forty,5018,258
grimy,5018,258
haled,5018,258
herbs,5018,258
infer,5018,258
lames,5018,258
lends,5018,258
linty,5018,258
lipid,5018,258
pearl,5018,258
pitas,5018,258
ploys,5018,258
rents,5018,258
sharp,5499,258
slabs,5018,258
slips,5018,258
tangs,5018,258
aphid,5017,259
beard,5017,259
briny,5017,259
bunch,5017,259
cadge,5017,259
cants,5017,259
cater,5017,259
conga,5017,259
dopes,5017,259
fared,5017,259
feint,5017,259
gaped,5017,259
glean,5017,259
hoard,5017,259
kilty,5017,259
ligne,5017,259
limey,5017,259
litho,5017,259
lords,5017,259
luted,5017,259
males,5017,259
might,5498,259
moray,5017,259
niter,5017,259
novel,5017,259
patio,5017,259
perdu,5017,259
perky,5017,259
phyla,5017,259
picas,5017,259
posit,5017,259
prats,5017,259
rafts,5017,259
rends,5017,259
saint,5017,259
screw,5017,259
shoed,5017,259
shone,5017,259
shrew,5017,259
slake,5017,259
slink,5017,259
socle,5017,259
spacy,5017,259
spiel,5017,259
spurn,5017,259
taupe,5017,259
widen,5017,259
aitch,5016,260
baste,5016,260
bower,5016,260
butyl,5016,260
chats,5016,260
cheep,5016,260
chute,5016,260
clogs,5016,260
cowed,5016,260
decor,5016,260
defun,5016,260
eland,5016,260
fader,5016,260
fends,5016,260
flesh,5016,260
glade,5016,260
groin,5016,260
humpy,5016,260
intra,5016,260
lance,5016,260
laved,5016,260
lints,5016,260
longs,5016,260
nodal,5016,260
opens,5016,260
opium,5016,260
purge,5016,260
renal,5016,260
sigma,5016,260
sirup,5016,260
sloop,5016,260
spook,5016,260
stare,5016,260
stole,5016,260
tapis,5016,260
tepid,5016,260
thaws,5016,260
tuber,5016,260
unpeg,5016,260
whams,5016,260
whang,5016,260
wimpy,5016,260
wombs,5016,260
bahts,5015,261
bairn,5015,261
blaze,5015,261
brims,5015,261
bromo,5015,261
buret,5015,261
cadet,5015,261
cedar,5015,261
chasm,5015,261
cloth,5496,261
colts,5015,261
comer,5015,261
crabs,5015,261
crepe,5015,261
dipso,5015,261
drily,5015,261
elect,5015,261
gamed,5015,261
gulps,5015,261
lardy,5015,261
ogler,5015,261
pails,5015,261
peats,5015,261
phlox,5015,261
preen,5015,261
prose,5015,261
randy,5015,261
salve,5015,261
sober,5015,261
sorta,5015,261
storm,5496,261
topic,5496,261
trace,5015,261
unarm,5015,261
wacko,5015,261
wraps,5015,261
acrid,5014,262
amend,5014,262
bangs,5014,262
betas,5014,262
brews,5014,262
calks,5014,262
chafe,5014,262
copse,5014,262
crows,5014,262
cubit,5014,262
divot,5014,262
dribs,5014,262
firms,5014,262
flout,5014,262
hymen,5014,262
hyper,5014,262
labor,5495,262
lawns,5014,262
liner,5014,262
lordy,5014,262
mangy,5014,262
mothy,5014,262
mural,5014,262
nitro,5014,262
pains,5014,262
paint,5495,262
plain,5495,262
posed,5014,262
prude,5014,262
pubic,5014,262
rifts,5014,262
shank,5014,262
shnor,5014,262
snack,5014,262
spice,5014,262
throw,5495,262
tongs,5014,262
tuned,5014,262
vapid,5014,262
welsh,5014,262
acing,5013,263
angst,5013,263
bonks,5013,263
bulky,5013,263
burst,5013,263
chile,5013,263
clads,5013,263
demit,5013,263
duper,5013,263
flyer,5013,263
gator,5013,263
gleam,5013,263
glows,5013,263
gored,5013,263
grief,5013,263
maced,5013,263
mayor,5013,263
meals,5013,263
nifty,5013,263
ochre,5013,263
phage,5013,263
plush,5013,263
poste,5013,263
preys,5013,263
proof,5013,263
rangy,5013,263
reign,5013,263
rente,5013,263
rhyme,5013,263
shirk,5013,263
soled,5013,263
spear,5013,263
tenor,5013,263
terns,5013,263
trial,5013,263
uncap,5013,263
abhor,5012,264
ailed,5012,264
anted,5012,264
bandy,5012,264
bleed,5012,264
civet,5012,264
coned,5012,264
dales,5012,264
demur,5012,264
drain,5012,264
dregs,5012,264
ember,5012,264
ethyl,5012,264
farts,5012,264
finch,5012,264
gwine,5012,264
hafts,5012,264
knout,5012,264
molto,5012,264
mylar,5012,264
narcs,5012,264
oxlip,5012,264
perks,5012,264
pings,5012,264
plash,5012,264
prise,5012,264
pumas,5012,264
racks,5012,264
roams,5012,264
ruble,5012,264
sidle,5012,264
slats,5012,264
spitz,5012,264
stain,5012,264
taels,5012,264
taxol,5012,264
tesla,5012,264
tread,5012,264
typos,5012,264
walks,5012,264
wince,5012,264
bedew,5011,265
bowls,5011,265
bulks,5011,265
clout,5011,265
conks,5011,265
denim,5011,265
dents,5011,265
dirts,5011,265
dutch,5011,265
facer,5011,265
flask,5011,265
fowls,5011,265
garbs,5011,265
glide,5011,265
gnome,5011,265
golfs,5011,265
grips,5011,265
humps,5011,265
maser,5011,265
ranch,5492,265
salts,5011,265
satin,5011,265
singe,5011,265
sitar,5011,265
stoic,5011,265
swing,5011,265
tacky,5011,265
trove,5011,265
turfs,5011,265
unfit,5011,265
venal,5011,265
verst,5011,265
volts,5011,265
welds,5011,265
wined,5011,265
woven,5011,265
altos,5010,266
aping,5010,266
arced,5010,266
aspic,5010,266
bales,5010,266
bawdy,5010,266
bilks,5010,266
biome,5010,266
burly,5010,266
chide,5010,266
dawns,5010,266
debut,5010,266
downy,5010,266
filar,5010,266
flume,5010,266
forth,5491,266
fumed,5010,266
godly,5010,266
lacks,5010,266
lades,5010,266
lager,5010,266
lefts,5010,266
limos,5010,266
mayst,5010,266
mewed,5010,266
nudge,5010,266
parka,5010,266
plans,5491,266
podgy,5010,266
poset,5010,266
prune,5010,266
robot,5010,266
specs,5010,266
spout,5010,266
stark,5010,266
stoup,5010,266
swarf,5010,266
trill,5010,266
wormy,5010,266
worst,5010,266
worts,5010,266
wrack,5010,266
argot,5009,267
blowy,5009,267
carne,5009,267
chefs,5009,267
claim,5490,267
cords,5009,267
cubed,5009,267
decaf,5009,267
draws,5009,267
droll,5009,267
evict,5009,267
fitly,5009,267
gavel,5009,267
gilds,5009,267
girds,5009,267
klieg,5009,267
latex,5009,267
limns,5009,267
mynah,5009,267
newly,5009,267
numbs,5009,267
pares,5009,267
pates,5009,267
patsy,5009,267
pengo,5009,267
reaps,5009,267
rebel,5009,267
setup,5009,267
slots,5009,267
sward,5009,267
swine,5009,267
teams,5009,267
timid,5009,267
toked,5009,267
treks,5009,267
truce,5009,267
waled,5009,267
wands,5009,267
welts,5009,267
whops,5009,267
abend,5008,268
algin,5008,268
align,5008,268
barfy,5008,268
blash,5008,268
bloom,5008,268
chino,5008,268
colas,5008,268
crews,5008,268
decks,5008,268
dimly,5008,268
docks,5008,268
favor,5008,268
fiche,5008,268
gimps,5008,268
gismo,5008,268
grape,5008,268
grody,5008,268
gumbo,5008,268
kelps,5008,268
laird,5008,268
lapel,5008,268
lofty,5008,268
moist,5008,268
newts,5008,268
pawed,5008,268
pecks,5008,268
pudgy,5008,268
repel,5008,268
roved,5008,268
slimy,5008,268
thens,5008,268
toner,5008,268
watch,5489,268
wends,5008,268
whats,5008,268
whore,5008,268
wrest,5008,268
beret,5007,269
bluer,5007,269
cairn,5007,269
clung,5007,269
clunk,5007,269
corgi,5007,269
doter,5007,269
drool,5007,269
drops,5488,269
fault,5007,269
felts,5007,269
filmy,5007,269
flair,5007,269
flare,5007,269
fumer,5007,269
girly,5007,269
grist,5007,269
haunt,5007,269
hertz,5007,269
honed,5007,269
intro,5007,269
kilts,5007,269
mires,5007,269
paces,5007,269
paver,5007,269
pesto,5007,269
peter,5007,269
picks,5007,269
piers,5007,269
prigs,5007,269
rayon,5007,269
sandy,5007,269
scare,5007,269
schwa,5007,269
shoat,5007,269
siren,5007,269
skint,5007,269
skoal,5007,269
spike,5007,269
stair,5007,269
stink,5007,269
sweat,5007,269
tames,5007,269
tapes,5007,269
tumor,5007,269
ultra,5007,269
vocal,5007,269
whine,5007,269
whorl,5007,269
wonts,5007,269
world,5488,269
amity,5006,270
begat,5006,270
cited,5006,270
comfy,5006,270
crate,5006,270
dames,5006,270
diems,5006,270
diver,5006,270
drubs,5006,270
ducal,5006,270
fawns,5006,270
femur,5006,270
forge,5006,270
forum,5006,270
gnash,5006,270
goeth,5006,270
harts,5006,270
herby,5006,270
hived,5006,270
hocks,5006,270
hoper,5006,270
liken,5006,270
lopes,5006,270
mails,5006,270
mason,5006,270
mates,5006,270
miser,5006,270
molas,5006,270
navel,5006,270
nerds,5006,270
noter,5006,270
owing,5006,270
pansy,5006,270
piles,5006,270
piney,5006,270
pixel,5006,270
plump,5006,270
podia,5006,270
rapes,5006,270
sated,5006,270
shale,5006,270
slave,5006,270
spoof,5006,270
threw,5487,270
trash,5006,270
turdy,5006,270
unlit,5006,270
warns,5006,270
wrens,5006,270
aimed,5005,271
begot,5005,271
binds,5005,271
blush,5005,271
burls,5005,271
capes,5005,271
churl,5005,271
drunk,5005,271
fangs,5005,271
flaks,5005,271
fonts,5005,271
forks,5005,271
frogs,5005,271
hater,5005,271
hefts,5005,271
heron,5005,271
hogan,5005,271
holer,5005,271
julep,5005,271
laser,5005,271
licks,5005,271
liver,5005,271
niche,5005,271
opine,5005,271
palsy,5005,271
paved,5005,271
pence,5005,271
phony,5005,271
pigmy,5005,271
sicko,5005,271
slobs,5005,271
swoop,5005,271
tilth,5005,271
track,5486,271
turfy,5005,271
wafts,5005,271
adapt,5004,272
alter,5004,272
blind,5485,272
brats,5004,272
bring,5485,272
choir,5004,272
cordy,5004,272
crone,5004,272
crops,5485,272
crowd,5485,272
cupid,5004,272
daunt,5004,272
decry,5004,272
drawn,5485,272
durst,5004,272
fiend,5004,272
fjord,5004,272
flics,5004,272
flubs,5004,272
gimpy,5004,272
girts,5004,272
glove,5004,272
hardy,5004,272
hiked,5004,272
leach,5004,272
moult,5004,272
party,5485,272
pilau,5004,272
pulse,5004,272
regal,5004,272
roach,5004,272
scone,5004,272
sedan,5004,272
slier,5004,272
solar,5004,272
staid,5004,272
stand,5485,272
stems,5004,272
stile,5004,272
stoke,5004,272
trunk,5004,272
turds,5004,272
worth,5485,272
wrist,5004,272
zilch,5004,272
absit,5003,273
bolas,5003,273
cager,5003,273
chink,5003,273
coked,5003,273
crits,5003,273
cults,5003,273
dicut,5003,273
dinar,5003,273
ducat,5003,273
ebony,5003,273
flung,5003,273
glebe,5003,273
grabs,5003,273
grade,5003,273
groat,5003,273
inter,5003,273
ledge,5003,273
meted,5003,273
meter,5003,273
munge,5003,273
nadir,5003,273
necks,5003,273
porgy,5003,273
reams,5003,273
repay,5003,273
rinds,5003,273
ruled,5003,273
scams,5003,273
slain,5003,273
slide,5003,273
spunk,5003,273
stray,5003,273
tenth,5003,273
theme,5003,273
tower,5003,273
trike,5003,273
unfed,5003,273
unhip,5003,273
woken,5003,273
yacht,5003,273
yodel,5003,273
abets,5002,274
acmes,5002,274
bails,5002,274
bates,5002,274
board,5483,274
celeb,5002,274
crude,5002,274
dings,5002,274
expat,5002,274
frail,5002,274
glans,5002,274
glued,5002,274
grams,5002,274
grout,5002,274
hilar,5002,274
hoped,5483,274
hotly,5002,274
howls,5002,274
ichor,5002,274
knots,5002,274
laces,5002,274
logic,5002,274
lucre,5002,274
lyric,5002,274
meats,5002,274
minds,5002,274
monks,5002,274
muley,5002,274
price,5483,274
psych,5002,274
punts,5002,274
recut,5002,274
scurf,5002,274
shove,5002,274
shunt,5002,274
slams,5002,274
slice,5002,274
softy,5002,274
solum,5002,274
swore,5002,274
tails,5002,274
taxon,5002,274
tiros,5002,274
treys,5002,274
twiny,5002,274
wanta,5002,274
weald,5002,274
withs,5002,274
acned,5001,275
alert,5001,275
ankle,5001,275
besot,5001,275
budge,5001,275
choke,5001,275
doles,5001,275
foamy,5001,275
libra,5001,275
licit,5001,275
loams,5001,275
metal,5482,275
mints,5001,275
payer,5001,275
pinks,5001,275
plane,5482,275
point,5482,275
relet,5001,275
sarge,5001,275
silty,5001,275
sonly,5001,275
stead,5001,275
tawny,5001,275
topes,5001,275
wader,5001,275
ached,5000,276
bilgy,5000,276
brood,5000,276
bulge,5000,276
cameo,5000,276
chart,5481,276
chips,5000,276
clued,5000,276
curly,5000,276
elope,5000,276
futon,5000,276
hacks,5000,276
homer,5000,276
ioctl,5000,276
kinda,5000,276
latus,5000,276
leech,5000,276
leper,5000,276
loafs,5000,276
maces,5000,276
matey,5000,276
milks,5000,276
mondo,5000,276
mopes,5000,276
oomph,5000,276
owner,5000,276
poxed,5000,276
pries,5000,276
privy,5000,276
ratio,5000,276
saith,5000,276
samba,5000,276
slews,5000,276
snaps,5000,276
sowed,5000,276
spicy,5000,276
stabs,5000,276
supra,5000,276
viler,5000,276
wanly,5000,276
wilts,5000,276
zombi,5000,276
alarm,4999,277
baker,4999,277
baulk,4999,277
beans,4999,277
beats,4999,277
bongs,4999,277
brags,4999,277
carts,4999,277
codon,4999,277
corks,4999,277
cribs,4999,277
dirty,4999,277
emend,4999,277
fated,4999,277
ferns,4999,277
frill,4999,277
haste,4999,277
hated,4999,277
jibed,4999,277
kerbs,4999,277
lased,4999,277
leafs,4999,277
loops,4999,277
murky,4999,277
neath,4999,277
panes,4999,277
porno,4999,277
purse,4999,277
scops,4999,277
sepia,4999,277
silts,4999,277
snood,4999,277
snowy,4999,277
spans,4999,277
tansy,4999,277
thank,5480,277
torsi,4999,277
adult,4998,278
baked,4998,278
beast,4998,278
bleak,4998,278
chine,4998,278
cigar,4998,278
cower,4998,278
crane,4998,278
cruet,4998,278
curbs,4998,278
diest,4998,278
dimes,4998,278
disco,4998,278
dolor,4998,278
grace,4998,278
havoc,4998,278
hefty,4998,278
imbue,4998,278
kenaf,4998,278
miaow,4998,278
nerve,4998,278
nicer,4998,278
oared,4998,278
polos,4998,278
ranks,4998,278
slomo,4998,278
snail,4998,278
spiky,4998,278
sutra,4998,278
thews,4998,278
vodka,4998,278
barky,4997,279
clash,4997,279
couth,4997,279
craws,4997,279
daubs,4997,279
dicks,4997,279
domes,4997,279
eruct,4997,279
fancy,4997,279
infra,4997,279
islet,4997,279
jambs,4997,279
krona,4997,279
lions,4997,279
micks,4997,279
nabla,4997,279
napes,4997,279
nerfs,4997,279
nurbs,4997,279
plies,4997,279
prize,4997,279
remix,4997,279
scion,4997,279
shine,4997,279
shire,4997,279
shoal,4997,279
sibyl,4997,279
sited,4997,279
sleet,4997,279
snore,4997,279
spumy,4997,279
stove,4997,279
taboo,4997,279
tires,4997,279
token,4997,279
uncle,4997,279
upset,4997,279
writs,4997,279
alkyd,4996,280
anger,4996,280
bocks,4996,280
brake,4996,280
broad,5477,280
bulgy,4996,280
bunts,4996,280
coals,4996,280
comas,4996,280
creak,4996,280
dunce,4996,280
dwell,4996,280
emirs,4996,280
flood,4996,280
foals,4996,280
fugit,4996,280
gated,4996,280
gaunt,4996,280
gnats,4996,280
groks,4996,280
halve,4996,280
helps,5477,280
kited,4996,280
knurl,4996,280
liker,4996,280
maids,4996,280
manse,4996,280
murks,4996,280
pears,4996,280
poser,4996,280
robes,4996,280
shrug,4996,280
shute,4996,280
snots,4996,280
spoor,4996,280
stock,5477,280
sulfa,4996,280
talus,4996,280
tares,4996,280
wefts,4996,280
acted,4995,281
amour,4995,281
aspen,4995,281
baser,4995,281
bronx,4995,281
caned,4995,281
crony,4995,281
deals,4995,281
drake,4995,281
fakir,4995,281
feign,4995,281
flunk,4995,281
goths,4995,281
grits,4995,281
haler,4995,281
loads,4995,281
maker,4995,281
micas,4995,281
prosy,4995,281
rawly,4995,281
revet,4995,281
riots,4995,281
ropes,4995,281
rowan,4995,281
serif,4995,281
shmoo,4995,281
snout,4995,281
spars,4995,281
spree,4995,281
spued,4995,281
swain,4995,281
terms,5476,281
theft,4995,281
unhit,4995,281
urban,4995,281
vined,4995,281
warts,4995,281
adman,4994,282
allot,4994,282
becks,4994,282
blurs,4994,282
bugle,4994,282
dictu,4994,282
doped,4994,282
drill,4994,282
duvet,4994,282
email,4994,282
flash,4994,282
fluid,4994,282
graph,5475,282
heaps,4994,282
herem,4994,282
hymns,4994,282
inert,4994,282
jumpy,4994,282
karat,4994,282
laker,4994,282
links,4994,282
lured,4994,282
modes,4994,282
mucho,4994,282
nerdy,4994,282
nerts,4994,282
orlon,4994,282
pawky,4994,282
peons,4994,282
picky,4994,282
piety,4994,282
pipet,4994,282
polls,4994,282
raids,4994,282
renew,4994,282
ridgy,4994,282
rimes,4994,282
rings,4994,282
safer,4994,282
slits,4994,282
slued,4994,282
snaky,4994,282
steep,4994,282
terce,4994,282
tiles,4994,282
truly,4994,282
vents,4994,282
vower,4994,282
abide,4993,283
amuck,4993,283
apers,4993,283
aroma,4993,283
banjo,4993,283
caulk,4993,283
crags,4993,283
curds,4993,283
dears,4993,283
delve,4993,283
grids,4993,283
guilt,4993,283
hiker,4993,283
hinge,4993,283
horns,4993,283
itchy,4993,283
joint,4993,283
layup,4993,283
light,5474,283
loans,4993,283
lycra,4993,283
model,5474,283
mould,4993,283
mucky,4993,283
omits,4993,283
parts,5474,283
pasta,4993,283
phase,4993,283
plops,4993,283
rheum,4993,283
riper,4993,283
rites,4993,283
satyr,4993,283
sawed,4993,283
selah,4993,283
shown,5474,283
sonar,4993,283
sonic,4993,283
tanks,4993,283
third,5474,283
topoi,4993,283
vital,4993,283
wrong,5474,283
amide,4992,284
antes,4992,284
antsy,4992,284
below,5473,284
burgs,4992,284
combo,4992,284
cuter,4992,284
dirks,4992,284
doser,4992,284
dupes,4992,284
erect,4992,284
fames,4992,284
flaky,4992,284
fleas,4992,284
fount,4992,284
fraud,4992,284
hangs,4992,284
jolts,4992,284
kilns,4992,284
kiths,4992,284
lites,4992,284
lotsa,4992,284
lucks,4992,284
lunge,4992,284
nervy,4992,284
nimbi,4992,284
pouch,4992,284
rates,4992,284
rhino,4992,284
scuba,4992,284
shark,4992,284
skate,4992,284
smogs,4992,284
spite,5473,284
stave,4992,284
stung,4992,284
taros,4992,284
techs,4992,284
toyed,4992,284
velds,4992,284
voted,4992,284
wafer,4992,284
waspy,4992,284
wordy,4992,284
wurst,4992,284
abode,4991,285
aphis,4991,285
basil,4991,285
basin,4991,285
bevel,4991,285
bigly,4991,285
boils,4991,285
brigs,4991,285
brisk,4991,285
brook,4991,285
burns,4991,285
chars,4991,285
cured,4991,285
deism,4991,285
dryly,4991,285
duals,4991,285
feted,4991,285
genet,4991,285
ghost,4991,285
hinds,4991,285
holey,4991,285
holon,4991,285
hulks,4991,285
hydra,4991,285
limes,4991,285
lucid,4991,285
magic,5472,285
moron,4991,285
oiled,4991,285
pieta,4991,285
pinky,4991,285
pomps,4991,285
prove,5472,285
pyres,4991,285
right,5472,285
scoot,4991,285
sebum,4991,285
spews,4991,285
super,4991,285
thins,4991,285
toady,4991,285
tubas,4991,285
twill,4991,285
tying,4991,285
umber,4991,285
unbar,4991,285
whets,4991,285
aleck,4990,286
amens,4990,286
banes,4990,286
beads,4990,286
boars,4990,286
boner,4990,286
chaws,4990,286
condo,4990,286
curia,4990,286
dotes,4990,286
dowry,4990,286
estop,4990,286
final,5471,286
finds,4990,286
folky,4990,286
forky,4990,286
gents,4990,286
gnaws,4990,286
grate,4990,286
grubs,4990,286
hurts,4990,286
kraut,4990,286
moles,4990,286
musta,4990,286
nuder,4990,286
obits,4990,286
poets,4990,286
proxy,4990,286
puked,4990,286
ravel,4990,286
reads,4990,286
rowdy,4990,286
sedum,4990,286
shied,4990,286
skyed,4990,286
snide,4990,286
stein,4990,286
telex,4990,286
tings,4990,286
troth,4990,286
trued,4990,286
valid,4990,286
wager,4990,286
adobe,4989,287
avant,4989,287
axled,4989,287
cabin,5470,287
cavil,4989,287
chews,4989,287
china,4989,287
copes,4989,287
crust,4989,287
cutup,4989,287
devil,4989,287
dials,4989,287
doers,4989,287
drugs,4989,287
elans,4989,287
ender,4989,287
exalt,4989,287
halma,4989,287
irked,4989,287
lasts,4989,287
mares,4989,287
nasty,4989,287
oaten,4989,287
ocher,4989,287
raked,4989,287
serum,4989,287
shape,5470,287
silky,4989,287
snark,4989,287
titan,4989,287
toker,4989,287
toxin,4989,287
tribe,5470,287
unwed,4989,287
wadis,4989,287
wedgy,4989,287
abaft,4988,288
axmen,4988,288
bison,4988,288
caner,4988,288
carat,4988,288
chary,4988,288
cream,5469,288
elder,4988,288
extol,4988,288
faced,4988,288
fatal,4988,288
forms,5469,288
hiver,4988,288
hosed,4988,288
humid,4988,288
hydro,4988,288
krone,4988,288
lanes,4988,288
libel,4988,288
lucky,4988,288
lurid,4988,288
mambo,4988,288
mashy,4988,288
mauls,4988,288
meant,5469,288
meson,4988,288
muser,4988,288
nates,4988,288
newel,4988,288
omens,4988,288
pools,4988,288
pores,4988,288
shams,4988,288
spurs,4988,288
stied,4988,288
synch,4988,288
tweak,4988,288
tyres,4988,288
wails,4988,288
waned,4988,288
warty,4988,288
whips,4988,288
befog,4987,289
bused,4987,289
cawed,4987,289
child,5468,289
cruel,4987,289
cumin,4987,289
davit,4987,289
delis,4987,289
dorky,4987,289
entry,4987,289
giver,4987,289
gluts,4987,289
grail,4987,289
lawny,4987,289
leans,4987,289
loamy,4987,289
macaw,4987,289
nails,4987,289
neato,4987,289
okapi,4987,289
shave,4987,289
shops,4987,289
stagy,4987,289
styli,4987,289
swaps,4987,289
tabus,4987,289
trios,4987,289
whims,4987,289
alpha,4986,290
bares,4986,290
bided,4986,290
bunco,4986,290
cabal,4986,290
cares,4986,290
ceder,4986,290
croon,4986,290
curls,4986,290
dares,4986,290
didot,4986,290
dints,4986,290
doyen,4986,290
feats,4986,290
flays,4986,290
frats,4986,290
fudge,4986,290
gales,4986,290
gawks,4986,290
glory,4986,290
gulfs,4986,290
hales,4986,290
halos,4986,290
imago,4986,290
lanky,4986,290
lobes,4986,290
lodes,4986,290
loins,4986,290
misty,4986,290
mixer,4986,290
mover,4986,290
nosed,4986,290
pasts,4986,290
petty,4986,290
pygmy,4986,290
races,4986,290
rains,4986,290
rinks,4986,290
rinse,4986,290
saner,4986,290
slaws,4986,290
sneak,4986,290
space,5467,290
stake,4986,290
syrup,4986,290
tries,4986,290
twigs,4986,290
vaunt,4986,290
whist,4986,290
zonal,4986,290
adore,4985,291
agley,4985,291
aimer,4985,291
alien,4985,291
apish,4985,291
awful,4985,291
banal,4985,291
bogey,4985,291
breed,4985,291
bunko,4985,291
caste,4985,291
curie,4985,291
dates,4985,291
eking,4985,291
fetid,4985,291
frosh,4985,291
furls,4985,291
gaols,4985,291
glary,4985,291
gowns,4985,291
hails,4985,291
herds,4985,291
humor,4985,291
knock,4985,291
ladle,4985,291
loner,4985,291
lungs,4985,291
odium,4985,291
opera,4985,291
pocky,4985,291
raved,4985,291
shirt,5466,291
slows,4985,291
snare,4985,291
spits,4985,291
stash,4985,291
stool,4985,291
swung,4985,291
taker,4985,291
ticks,4985,291
treed,4985,291
velar,4985,291
vitro,4985,291
atone,4984,292
beaut,4984,292
bimbo,4984,292
bodes,4984,292
bowie,4984,292
chose,4984,292
chows,4984,292
coven,4984,292
defer,4984,292
delay,4984,292
demos,4984,292
doest,4984,292
donor,4984,292
facts,5465,292
flush,4984,292
gamba,4984,292
gamey,4984,292
glare,4984,292
hints,4984,292
jiber,4984,292
laver,4984,292
lazed,4984,292
lubra,4984,292
magna,4984,292
minor,5465,292
moats,4984,292
oldie,4984,292
polio,4984,292
rides,4984,292
risen,4984,292
sager,4984,292
scats,4984,292
sheaf,4984,292
slags,4984,292
smash,4984,292
stogy,4984,292
stuck,4984,292
telly,4984,292
tweed,4984,292
tyros,4984,292
yelps,4984,292
acres,4983,293
agony,4983,293
amyls,4983,293
anvil,4983,293
auric,4983,293
blini,4983,293
bores,4983,293
crave,4983,293
deans,4983,293
front,5464,293
harks,4983,293
hewed,4983,293
homey,4983,293
hulky,4983,293
kefir,4983,293
media,4983,293
mixup,4983,293
mucks,4983,293
north,5464,293
omega,4983,293
parry,4983,293
paves,4983,293
prexy,4983,293
roids,4983,293
salad,4983,293
semen,4983,293
sepoy,4983,293
slims,4983,293
snuck,4983,293
sorts,4983,293
sumps,4983,293
tacos,4983,293
urged,4983,293
vapes,4983,293
wised,4983,293
wizen,4983,293
alums,4982,294
amigo,4982,294
apnea,4982,294
aught,4982,294
bauds,4982,294
boxed,4982,294
brusk,4982,294
bunds,4982,294
chunk,4982,294
coils,4982,294
corns,4982,294
curdy,4982,294
deist,4982,294
farms,5463,294
gapes,4982,294
groom,4982,294
hurly,4982,294
idles,4982,294
lacey,4982,294
leads,4982,294
lemur,4982,294
manes,4982,294
natal,4982,294
orbit,5463,294
paean,4982,294
punky,4982,294
raven,4982,294
runts,4982,294
slung,4982,294
snobs,4982,294
stunk,4982,294
tipsy,4982,294
troll,4982,294
vroom,4982,294
among,5462,295
beano,4981,295
booth,4981,295
canes,4981,295
chive,4981,295
chums,4981,295
cruds,4981,295
defog,4981,295
dooms,4981,295
ducts,4981,295
emits,4981,295
fluky,4981,295
gizmo,4981,295
hames,4981,295
hawed,4981,295
inked,4981,295
label,4981,295
mains,4981,295
mogul,4981,295
molal,4981,295
mores,4981,295
mourn,4981,295
negro,4981,295
oiler,4981,295
payed,4981,295
pines,4981,295
pooch,4981,295
pucks,4981,295
rimer,4981,295
runic,4981,295
scary,4981,295
snafu,4981,295
tough,4981,295
unite,4981,295
vault,4981,295
voter,4981,295
wedge,4981,295
whisk,4981,295
women,5462,295
xylem,4981,295
addle,4980,296
ankhs,4980,296
armor,4980,296
audit,4980,296
belie,4980,296
bides,4980,296
corky,4980,296
coupe,4980,296
dildo,4980,296
dynes,4980,296
epics,4980,296
fifth,4980,296
fight,5461,296
fires,4980,296
greet,4980,296
grown,5461,296
holds,5461,296
idols,4980,296
knoll,4980,296
leaks,4980,296
loots,4980,296
lutes,4980,296
musty,4980,296
ninth,4980,296
onset,4980,296
peaty,4980,296
preps,4980,296
rocky,4980,296
ruche,4980,296
taint,4980,296
thugs,4980,296
tuner,4980,296
vends,4980,296
wheal,4980,296
whits,4980,296
avert,4979,297
beset,4979,297
biles,4979,297
boule,4979,297
breve,4979,297
colon,4979,297
costa,4979,297
dinks,4979,297
dozer,4979,297
dream,5460,297
dungs,4979,297
earls,4979,297
earth,5460,297
elate,4979,297
faker,4979,297
frame,5460,297
grins,4979,297
guard,4979,297
guild,4979,297
hedge,4979,297
jumps,4979,297
kales,4979,297
lisps,4979,297
looms,4979,297
neigh,4979,297
nodes,4979,297
overt,4979,297
owest,4979,297
piper,4979,297
pokey,4979,297
roles,4979,297
scout,4979,297
sedgy,4979,297
sewed,4979,297
shier,4979,297
slogs,4979,297
smile,5460,297
thick,5460,297
weird,4979,297
yawps,4979,297
afoul,4978,298
awing,4978,298
bucks,4978,298
chits,4978,298
codas,4978,298
creed,4978,298
egret,4978,298
elite,4978,298
fairs,4978,298
fixer,4978,298
fogey,4978,298
giant,5459,298
grebe,4978,298
grill,4978,298
grove,4978,298
hopes,4978,298
horny,4978,298
hurls,4978,298
inset,4978,298
liras,4978,298
lover,4978,298
minas,4978,298
orcas,4978,298
palls,4978,298
peony,4978,298
reify,4978,298
repro,4978,298
rugby,4978,298
short,5459,298
snook,4978,298
stoae,4978,298
stone,5459,298
toils,4978,298
tomes,4978,298
totem,4978,298
trays,4978,298
trite,4978,298
waged,4978,298
wales,4978,298
weber,4978,298
whens,4978,298
wonks,4978,298
acked,4977,299
antis,4977,299
award,4977,299
bears,4977,299
caged,4977,299
chord,5458,299
churn,4977,299
cliff,4977,299
domed,4977,299
erode,4977,299
expel,4977,299
feist,4977,299
folia,4977,299
fugal,4977,299
gifts,4977,299
gofer,4977,299
hatch,4977,299
hates,4977,299
humph,4977,299
inker,4977,299
lands,5458,299
lurks,4977,299
meads,4977,299
meaty,4977,299
mesne,4977,299
mimed,4977,299
moire,4977,299
motet,4977,299
newsy,4977,299
octet,4977,299
piped,4977,299
rayed,4977,299
reals,4977,299
rebox,4977,299
sands,4977,299
scabs,4977,299
seamy,4977,299
slums,4977,299
sooth,4977,299
spill,4977,299
stall,4977,299
tiers,4977,299
tolls,4977,299
twins,4977,299
vicar,4977,299
vigor,4977,299
wacky,4977,299
weals,4977,299
whirs,4977,299
woman,5458,299
aired,4976,300
amine,4976,300
atlas,4976,300
boast,4976,300
braes,4976,300
bunks,4976,300
coati,4976,300
divan,4976,300
fates,4976,300
fluke,4976,300
freak,4976,300
gecko,4976,300
haven,4976,300
honks,4976,300
icers,4976,300
jumbo,4976,300
karma,4976,300
lotus,4976,300
lunar,4976,300
masts,4976,300
miens,4976,300
minks,4976,300
mites,4976,300
mungy,4976,300
pally,4976,300
peaks,4976,300
pones,4976,300
resaw,4976,300
reset,4976,300
rival,4976,300
scale,5457,300
stirs,4976,300
sware,4976,300
toile,4976,300
winos,4976,300
yerba,4976,300
yolks,4976,300
abuts,4975,301
altar,4975,301
ascot,4975,301
cafes,4975,301
cauls,4975,301
crush,4975,301
degas,4975,301
dicky,4975,301
dries,4975,301
ether,4975,301
excon,4975,301
fades,4975,301
fungi,4975,301
goyim,4975,301
heals,4975,301
inode,4975,301
klutz,4975,301
lauds,4975,301
liest,4975,301
mealy,4975,301
movie,4975,301
mused,4975,301
oakum,4975,301
oddly,4975,301
relay,4975,301
rider,4975,301
ruing,4975,301
runty,4975,301
scudi,4975,301
sends,4975,301
shake,4975,301
spics,4975,301
steak,4975,301
steed,4975,301
thuds,4975,301
titre,4975,301
toads,4975,301
vinyl,4975,301
wanes,4975,301
abbot,4974,302
acids,4974,302
aloof,4974,302
amino,4974,302
candy,5455,302
clean,5455,302
codex,4974,302
degum,4974,302
diets,4974,302
dinky,4974,302
enema,4974,302
farad,4974,302
feast,4974,302
fichu,4974,302
firer,4974,302
fondu,4974,302
foray,4974,302
handy,4974,302
hypos,4974,302
kluge,4974,302
liers,4974,302
mazer,4974,302
meows,4974,302
moods,4974,302
posts,4974,302
prior,4974,302
props,4974,302
roast,4974,302
roils,4974,302
rondo,4974,302
scoff,4974,302
steam,5455,302
sweep,4974,302
teary,4974,302
tract,4974,302
trues,4974,302
tucks,4974,302
twice,5455,302
ulnar,4974,302
wicks,4974,302
yawls,4974,302
acnes,4973,303
afoot,4973,303
aider,4973,303
arson,4973,303
artsy,4973,303
atoll,4973,303
baits,4973,303
beamy,4973,303
belay,4973,303
bombe,4973,303
caked,4973,303
clays,4973,303
codes,4973,303
conch,4973,303
creel,4973,303
dyers,4973,303
fails,4973,303
fairy,4973,303
faith,5454,303
hanks,4973,303
hauls,4973,303
heart,5454,303
mooch,4973,303
motes,4973,303
naked,4973,303
nuked,4973,303
prays,4973,303
prier,4973,303
punks,4973,303
redox,4973,303
riles,4973,303
royal,4973,303
sleds,4973,303
spins,4973,303
swede,4973,303
swoon,4973,303
toxic,4973,303
trail,5454,303
viand,4973,303
acute,4972,304
cased,4972,304
comma,4972,304
coset,4972,304
doled,4972,304
dowse,4972,304
drays,4972,304
ducks,4972,304
duels,4972,304
gasps,4972,304
gates,4972,304
goads,4972,304
goner,4972,304
heats,4972,304
hides,4972,304
kings,4972,304
laves,4972,304
louts,4972,304
meany,4972,304
molls,4972,304
mungs,4972,304
mynas,4972,304
newer,4972,304
nohow,4972,304
panga,4972,304
pests,4972,304
sedge,4972,304
servo,4972,304
skier,4972,304
slyer,4972,304
snips,4972,304
swear,4972,304
teddy,4972,304
thing,5453,304
tress,4972,304
unrig,4972,304
anode,4971,305
babel,4971,305
bites,4971,305
brain,5452,305
cornu,4971,305
cuspy,4971,305
cutie,4971,305
deter,4971,305
dying,4971,305
ethos,4971,305
foams,4971,305
force,5452,305
freed,4971,305
frigs,4971,305
genre,4971,305
globe,5452,305
henry,4971,305
irate,4971,305
jilts,4971,305
kilos,4971,305
krill,4971,305
modem,4971,305
nabob,4971,305
noels,4971,305
ortho,4971,305
pubis,4971,305
rasps,4971,305
rifer,4971,305
skied,4971,305
surly,4971,305
tired,5452,305
train,5452,305
unset,4971,305
untie,4971,305
verge,4971,305
wades,4971,305
wreak,4971,305
about,5451,306
aster,4970,306
astir,4970,306
beech,4970,306
boded,4970,306
booed,4970,306
booms,4970,306
bribe,4970,306
busty,4970,306
buxom,4970,306
bwana,4970,306
bytes,4970,306
cloys,4970,306
curio,4970,306
direr,4970,306
haute,4970,306
hawks,4970,306
honer,4970,306
hunts,4970,306
index,4970,306
malls,4970,306
moors,4970,306
muons,4970,306
night,5451,306
offal,4970,306
orate,4970,306
pagan,4970,306
patty,4970,306
piing,4970,306
pills,4970,306
pokes,4970,306
pubes,4970,306
rainy,4970,306
resin,4970,306
revel,4970,306
stele,4970,306
swell,4970,306
bluff,4969,307
chewy,4969,307
coeds,4969,307
corny,4969,307
cunts,4969,307
dices,4969,307
dines,4969,307
donna,4969,307
duets,4969,307
faked,4969,307
floes,4969,307
gains,4969,307
hasps,4969,307
hicks,4969,307
hokum,4969,307
knead,4969,307
lores,4969,307
mavis,4969,307
parer,4969,307
rearm,4969,307
ricer,4969,307
roper,4969,307
scudo,4969,307
shuck,4969,307
sower,4969,307
stubs,4969,307
swabs,4969,307
teaks,4969,307
unarc,4969,307
vales,4969,307
wagon,5450,307
wiles,4969,307
xored,4969,307
alack,4968,308
anile,4968,308
arums,4968,308
bakes,4968,308
beaks,4968,308
canoe,4968,308
ceils,4968,308
coons,4968,308
crook,4968,308
dulse,4968,308
fares,4968,308
first,5449,308
frisk,4968,308
ideal,4968,308
lairs,4968,308
loser,4968,308
matte,4968,308
mouth,5449,308
musky,4968,308
okras,4968,308
penis,4968,308
penny,4968,308
petit,4968,308
rewed,4968,308
rubes,4968,308
smuts,4968,308
socko,4968,308
think,5449,308
topos,4968,308
tubes,4968,308
ulcer,4968,308
video,4968,308
vinca,4968,308
windy,4968,308
winks,4968,308
yarns,4968,308
bogie,4967,309
boors,4967,309
built,5448,309
cotes,4967,309
dicey,4967,309
dough,4967,309
droid,4967,309
emote,4967,309
fatso,4967,309
foils,4967,309
funds,4967,309
gluon,4967,309
hafta,4967,309
ileum,4967,309
knish,4967,309
locos,4967,309
lotta,4967,309
mines,4967,309
moans,4967,309
moola,4967,309
nicks,4967,309
pouts,4967,309
power,5448,309
sawer,4967,309
sects,4967,309
slosh,4967,309
sluts,4967,309
terse,4967,309
tufas,4967,309
viola,4967,309
viral,4967,309
waked,4967,309
waken,4967,309
wirer,4967,309
yurts,4967,309
admix,4966,310
blabs,4966,310
brays,4966,310
clack,4966,310
coney,4966,310
coops,4966,310
coups,4966,310
coxed,4966,310
curse,4966,310
debug,4966,310
doily,4966,310
eider,4966,310
exult,4966,310
fatwa,4966,310
fawny,4966,310
fiats,4966,310
finks,4966,310
froze,4966,310
fudgy,4966,310
fungo,4966,310
gawky,4966,310
glaze,4966,310
gruel,4966,310
hades,4966,310
icons,4966,310
khans,4966,310
laity,4966,310
lemma,4966,310
merry,4966,310
nixed,4966,310
rails,4966,310
sinew,4966,310
socks,4966,310
solon,4966,310
spiff,4966,310
stags,4966,310
stiff,4966,310
swats,4966,310
swims,4966,310
toons,4966,310
veals,4966,310
waker,4966,310
write,5447,310
wryly,4966,310
agile,4965,311
along,5446,311
blurb,4965,311
calix,4965,311
chain,5446,311
cozen,4965,311
creek,4965,311
doges,4965,311
dolls,4965,311
foxed,4965,311
gipsy,4965,311
greed,4965,311
hasty,4965,311
hazel,4965,311
heist,4965,311
hutch,4965,311
irons,4965,311
lamas,4965,311
large,5446,311
laude,4965,311
liars,4965,311
locus,4965,311
magus,4965,311
merse,4965,311
mooed,4965,311
pavan,4965,311
razed,4965,311
route,4965,311
spays,4965,311
steer,4965,311
stilt,4965,311
store,5446,311
tense,4965,311
tibia,4965,311
tides,4965,311
toyon,4965,311
tunas,4965,311
waits,4965,311
weans,4965,311
borax,4964,312
bough,4964,312
boxer,4964,312
braze,4964,312
byres,4964,312
coats,4964,312
crick,4964,312
cuber,4964,312
dairy,4964,312
ditto,4964,312
dunes,4964,312
earns,4964,312
edger,4964,312
fever,4964,312
fewer,4964,312
giros,4964,312
grata,4964,312
hires,4964,312
irony,4964,312
junta,4964,312
kerns,4964,312
laded,4964,312
mimer,4964,312
mules,4964,312
outen,4964,312
relax,4964,312
roans,4964,312
rusty,4964,312
shako,4964,312
skein,4964,312
soapy,4964,312
surge,4964,312
tarot,4964,312
tided,4964,312
tithe,4964,312
truck,5445,312
ulnas,4964,312
umiak,4964,312
vaned,4964,312
wasps,4964,312
whole,5445,312
zoned,4964,312
biers,4963,313
chins,4963,313
click,4963,313
cried,5444,313
crock,4963,313
dashy,4963,313
dogie,4963,313
edify,4963,313
edits,4963,313
eight,5444,313
fresh,5444,313
gluey,4963,313
hitch,4963,313
kneed,4963,313
leash,4963,313
lived,5444,313
loved,5444,313
mazed,4963,313
motor,5444,313
mutes,4963,313
noway,4963,313
oaths,4963,313
pours,4963,313
pseud,4963,313
saute,4963,313
scads,4963,313
score,5444,313
selfs,4963,313
shiny,4963,313
shyer,4963,313
solid,5444,313
tenon,4963,313
trier,4963,313
trots,4963,313
uncut,4963,313
vireo,4963,313
abate,4962,314
afore,4962,314
balsa,4962,314
calyx,4962,314
canal,4962,314
cotta,4962,314
deity,4962,314
diced,4962,314
dingy,4962,314
dunks,4962,314
geoid,4962,314
jingo,4962,314
jowls,4962,314
mosey,4962,314
nihil,4962,314
oinks,4962,314
playa,4962,314
radix,4962,314
rungs,4962,314
salvo,4962,314
skips,4962,314
slunk,4962,314
spuds,4962,314
swive,4962,314
teach,5443,314
thigh,4962,314
tilts,4962,314
voxel,4962,314
white,5443,314
wispy,4962,314
yowls,4962,314
ameba,4961,315
ardor,4961,315
askew,4961,315
aunts,4961,315
birds,5442,315
broke,5442,315
clear,5442,315
cowry,4961,315
curvy,4961,315
deems,4961,315
diary,4961,315
ducky,4961,315
frays,4961,315
furze,4961,315
goals,4961,315
hence,4961,315
hulas,4961,315
idiot,4961,315
inlay,4961,315
jaunt,4961,315
kerfs,4961,315
knits,4961,315
later,5442,315
liens,4961,315
loopy,4961,315
lunch,5442,315
lusty,4961,315
rheas,4961,315
rices,4961,315
roily,4961,315
sixth,4961,315
stows,4961,315
towns,5442,315
toyer,4961,315
vised,4961,315
wires,4961,315
aloha,4960,316
ashen,4960,316
balls,4960,316
beady,4960,316
bosom,4960,316
bread,5441,316
bries,4960,316
cages,4960,316
fisty,4960,316
flyby,4960,316
hanky,4960,316
hears,4960,316
hover,4960,316
incur,4960,316
knave,4960,316
roust,4960,316
shear,4960,316
sifts,4960,316
sight,5441,316
swags,4960,316
tacit,4960,316
tepee,4960,316
titer,4960,316
waist,4960,316
weigh,4960,316
wrote,5441,316
abeam,4959,317
anent,4959,317
anole,4959,317
boots,4959,317
chill,4959,317
cruse,4959,317
deeps,4959,317
duchy,4959,317
dusty,4959,317
gourd,4959,317
hallo,4959,317
henge,4959,317
hoers,4959,317
hound,4959,317
jihad,4959,317
kabob,4959,317
kyrie,4959,317
linen,4959,317
often,5440,317
pause,4959,317
reins,4959,317
retry,4959,317
savor,4959,317
shoer,4959,317
snubs,4959,317
strut,4959,317
sulky,4959,317
torus,4959,317
tusky,4959,317
unate,4959,317
verbs,5440,317
waifs,4959,317
astro,4958,318
bungs,4958,318
cakes,4958,318
chest,5439,318
cites,4958,318
cools,4958,318
decoy,4958,318
dross,4958,318
egads,4958,318
field,5439,318
files,4958,318
ghoul,4958,318
grows,5439,318
hands,5439,318
hares,4958,318
myrrh,4958,318
named,5439,318
ogles,4958,318
older,5439,318
paras,4958,318
pesky,4958,318
pimps,4958,318
rials,4958,318
rodeo,4958,318
shads,4958,318
shout,4958,318
solve,5439,318
terra,4958,318
tines,4958,318
unity,4958,318
unzip,4958,318
urine,4958,318
viols,4958,318
aback,4957,319
atoms,5438,319
bally,4957,319
bayed,4957,319
bombs,4957,319
chaos,4957,319
chief,5438,319
chili,4957,319
craze,4957,319
cries,4957,319
cures,4957,319
dance,5438,319
dungy,4957,319
envoi,4957,319
eying,4957,319
fears,4957,319
fused,4957,319
geode,4957,319
hairs,4957,319
heerd,4957,319
jacks,4957,319
jocks,4957,319
lilty,4957,319
loges,4957,319
menus,4957,319
moons,4957,319
pulls,4957,319
scars,4957,319
silks,4957,319
spoke,5438,319
stews,4957,319
tacts,4957,319
teeny,4957,319
terry,4957,319
torte,4957,319
tuans,4957,319
unjam,4957,319
wares,4957,319
winey,4957,319
after,5437,320
angle,5437,320
beeps,4956,320
bhoys,4956,320
blobs,4956,320
bonne,4956,320
bouts,4956,320
butte,4956,320
comic,4956,320
count,5437,320
court,5437,320
dells,4956,320
divas,4956,320
dolly,4956,320
frier,4956,320
gluer,4956,320
gorse,4956,320
gotta,4956,320
hying,4956,320
kopek,4956,320
legos,4956,320
lubes,4956,320
mecca,4956,320
mosts,4956,320
mushy,4956,320
nudes,4956,320
oodle,4956,320
orals,4956,320
ounce,4956,320
ovens,4956,320
peers,4956,320
rages,4956,320
rakes,4956,320
rests,4956,320
seams,4956,320
shaky,4956,320
share,5437,320
tacet,4956,320
tried,5437,320
tzars,4956,320
viers,4956,320
whiny,4956,320
whoop,4956,320
yawns,4956,320
yoked,4956,320
yokel,4956,320
zloty,4956,320
arity,4955,321
basal,4955,321
blood,5436,321
booty,4955,321
brier,4955,321
caved,4955,321
dacha,4955,321
dense,4955,321
digit,4955,321
drive,5436,321
ephah,4955,321
faire,4955,321
flies,4955,321
fries,4955,321
gouda,4955,321
grave,4955,321
gyros,4955,321
hayer,4955,321
heros,4955,321
hypes,4955,321
kapok,4955,321
leafy,4955,321
least,5436,321
lever,4955,321
major,5436,321
mauve,4955,321
maybe,5436,321
moved,5436,321
obeah,4955,321
poufs,4955,321
rigid,4955,321
rosin,4955,321
seder,4955,321
style,5436,321
surds,4955,321
tabby,4955,321
their,5436,321
vowel,5436,321
whale,5436,321
wifey,4955,321
words,5436,321
wound,4955,321
yenta,4955,321
basic,5435,322
belly,4954,322
bible,4954,322
boons,4954,322
casts,4954,322
chase,4954,322
cores,4954,322
doubt,5435,322
drove,5435,322
fusty,4954,322
goons,4954,322
gusty,4954,322
hokey,4954,322
loony,4954,322
peels,4954,322
pekoe,4954,322
pound,5435,322
raper,4954,322
sabra,4954,322
sacks,4954,322
sales,4954,322
shoji,4954,322
snows,4954,322
softs,4954,322
togas,4954,322
vista,4954,322
weirs,4954,322
bebop,4953,323
bitsy,4953,323
boron,4953,323
brava,4953,323
cacti,4953,323
cagey,4953,323
canon,4953,323
cents,5434,323
chaff,4953,323
covey,4953,323
crier,4953,323
crocs,4953,323
decay,4953,323
duped,4953,323
dusky,4953,323
greek,4953,323
gusto,4953,323
mulls,4953,323
nappy,4953,323
ovals,4953,323
ovary,4953,323
poles,5434,323
polly,4953,323
refix,4953,323
sayer,4953,323
taxed,4953,323
taxer,4953,323
tills,4953,323
tippy,4953,323
wants,5434,323
afire,4952,324
agone,4952,324
bassi,4952,324
bolos,4952,324
cheer,4952,324
close,5433,324
cooed,4952,324
envoy,4952,324
fucks,4952,324
gears,4952,324
greys,4952,324
ikons,4952,324
lilac,4952,324
marks,5433,324
naval,4952,324
pasha,4952,324
proud,5433,324
pulps,4952,324
rebus,4952,324
retro,4952,324
seals,4952,324
shady,4952,324
sunup,4952,324
tulle,4952,324
tummy,4952,324
verso,4952,324
waver,4952,324
wills,4952,324
wiser,4952,324
apace,4951,325
bless,4951,325
bosky,4951,325
caves,4951,325
cuing,4951,325
doted,4951,325
dovey,4951,325
eject,4951,325
faery,4951,325
fores,4951,325
funks,4951,325
gruff,4951,325
guest,4951,325
gyved,4951,325
hoagy,4951,325
ikats,4951,325
ilium,4951,325
jived,4951,325
laxer,4951,325
lippy,4951,325
midis,4951,325
mills,4951,325
moots,4951,325
nares,4951,325
offen,4951,325
oinky,4951,325
peaky,4951,325
ritzy,4951,325
rocks,5432,325
rooty,4951,325
scans,4951,325
shots,4951,325
spivs,4951,325
suing,4951,325
touch,5432,325
tours,4951,325
vires,4951,325
while,5432,325
wools,4951,325
asker,4950,326
bills,4950,326
bolls,4950,326
boost,4950,326
chiff,4950,326
civil,4950,326
coins,4950,326
cooks,4950,326
deice,4950,326
fiery,4950,326
foist,4950,326
gravy,4950,326
guile,4950,326
gypsy,4950,326
lilts,4950,326
lists,4950,326
marry,4950,326
mists,4950,326
mossy,4950,326
nests,4950,326
pooey,4950,326
pumps,4950,326
risky,4950,326
routs,4950,326
sates,4950,326
sauce,4950,326
scour,4950,326
scows,4950,326
sheds,4950,326
shews,4950,326
sings,4950,326
smoke,5431,326
toted,4950,326
vails,4950,326
yield,4950,326
aargh,4949,327
agape,4949,327
aisle,4949,327
beach,5430,327
blues,4949,327
bocci,4949,327
bulls,4949,327
coach,4949,327
coded,4949,327
crack,4949,327
drier,4949,327
drink,5430,327
fauns,4949,327
fruit,5430,327
gaits,4949,327
great,5430,327
grook,4949,327
guano,4949,327
hoops,4949,327
idled,4949,327
joked,4949,327
klugy,4949,327
lawzy,4949,327
melee,4949,327
mujik,4949,327
noire,4949,327
potty,4949,327
purrs,4949,327
redux,4949,327
roofs,4949,327
serfs,4949,327
sheen,4949,327
silos,4949,327
swans,4949,327
teems,4949,327
torts,4949,327
trait,4949,327
uteri,4949,327
wipes,4949,327
achoo,4948,328
belli,4948,328
blebs,4948,328
chock,4948,328
crazy,4948,328
floss,4948,328
fuels,4948,328
hirer,4948,328
hoars,4948,328
maria,4948,328
niece,4948,328
nudie,4948,328
passe,4948,328
plays,5429,328
posse,4948,328
qualm,4948,328
serge,4948,328
stick,5429,328
sulks,4948,328
swill,4948,328
tally,4948,328
veiny,4948,328
versa,4948,328
vials,4948,328
wrier,4948,328
aides,4947,329
arrow,4947,329
atria,4947,329
basks,4947,329
bezel,4947,329
bonus,4947,329
buena,4947,329
dryer,4947,329
dykes,4947,329
expos,4947,329
helix,4947,329
hodad,4947,329
huger,4947,329
idyls,4947,329
larva,4947,329
livid,4947,329
loons,4947,329
money,5428,329
mumps,4947,329
ovate,4947,329
poise,4947,329
poohs,4947,329
reach,5428,329
scums,4947,329
sized,4947,329
skews,4947,329
snags,4947,329
tiara,4947,329
trout,4947,329
vowed,4947,329
water,5428,329
waved,4947,329
weepy,4947,329
whirr,4947,329
amuse,4946,330
arbor,4946,330
berry,4946,330
bitty,4946,330
bueno,4946,330
cinch,4946,330
deary,4946,330
doves,4946,330
dulls,4946,330
gimme,4946,330
heirs,4946,330
honky,4946,330
koala,4946,330
leaky,4946,330
liege,4946,330
masks,4946,330
modus,4946,330
mumbo,4946,330
odder,4946,330
pairs,5427,330
saver,4946,330
shags,4946,330
slash,4946,330
slurs,4946,330
snits,4946,330
thats,4946,330
tunes,4946,330
vying,4946,330
yearn,4946,330
aches,4945,331
axles,4945,331
banks,5426,331
being,5426,331
bocce,4945,331
coyer,4945,331
czars,4945,331
gaily,4945,331
gunks,4945,331
hewer,4945,331
howdy,4945,331
icier,4945,331
idiom,4945,331
inure,4945,331
lupus,4945,331
mikes,4945,331
musts,4945,331
olive,4945,331
polyp,4945,331
shade,5426,331
shirr,4945,331
sizer,4945,331
tarry,4945,331
tarts,4945,331
weeps,4945,331
apian,4944,332
borer,4944,332
bulbs,4944,332
dined,4944,332
doing,5425,332
edema,4944,332
elide,4944,332
facie,4944,332
fasts,4944,332
fuzed,4944,332
hairy,4944,332
homme,4944,332
kneel,4944,332
lunes,4944,332
mafia,4944,332
pikes,4944,332
rabbi,4944,332
redid,4944,332
reran,4944,332
rille,4944,332
showy,4944,332
washy,4944,332
atilt,4943,333
attic,4943,333
beige,4943,333
bests,4943,333
carer,4943,333
cello,4943,333
cheek,4943,333
cough,4943,333
diked,4943,333
dodge,4943,333
foyer,4943,333
fumes,4943,333
funky,4943,333
group,5424,333
honey,4943,333
koine,4943,333
liked,5424,333
lyres,4943,333
metes,4943,333
minus,4943,333
pryer,4943,333
putty,4943,333
roost,4943,333
sails,4943,333
seats,4943,333
speed,5424,333
stuns,4943,333
trade,5424,333
until,5424,333
vanes,4943,333
vitas,4943,333
wears,4943,333
zebra,4943,333
apart,5423,334
auger,4942,334
bliss,4942,334
cilia,4942,334
cress,4942,334
dally,4942,334
dikes,4942,334
dives,4942,334
echos,4942,334
false,5423,334
gayer,4942,334
gloss,4942,334
grain,5423,334
houri,4942,334
human,5423,334
hunks,4942,334
iodic,4942,334
lemme,4942,334
lures,4942,334
pious,4942,334
plaza,4942,334
rebar,4942,334
rolls,4942,334
saucy,4942,334
sheik,4942,334
skeet,4942,334
spies,4942,334
stint,4942,334
story,5423,334
thous,4942,334
today,5423,334
torso,4942,334
vegan,4942,334
vitae,4942,334
voila,4942,334
wages,4942,334
wonky,4942,334
anima,4941,335
axels,4941,335
barer,4941,335
bosun,4941,335
build,5422,335
chick,4941,335
chugs,4941,335
deify,4941,335
dills,4941,335
donee,4941,335
excel,4941,335
fazed,4941,335
flail,4941,335
forgo,4941,335
fovea,4941,335
goest,4941,335
gonna,4941,335
halls,4941,335
molly,4941,335
nurse,4941,335
peens,4941,335
pffft,4941,335
pulpy,4941,335
racer,4941,335
rigor,4941,335
upped,4941,335
begun,5421,336
chair,5421,336
colic,4940,336
coots,4940,336
eagle,4940,336
emery,4940,336
fetus,4940,336
fouls,4940,336
goers,4940,336
indie,4940,336
logos,4940,336
lower,5421,336
penes,4940,336
raves,4940,336
shits,4940,336
slays,4940,336
tents,4940,336
vacuo,4940,336
voids,4940,336
wines,4940,336
awoke,4939,337
beaky,4939,337
begin,5420,337
coifs,4939,337
death,5420,337
duomo,4939,337
galas,4939,337
girls,5420,337
gongs,4939,337
grays,4939,337
hayed,4939,337
hoary,4939,337
kepis,4939,337
kivas,4939,337
learn,5420,337
mania,4939,337
nears,4939,337
odors,4939,337
shims,4939,337
sisal,4939,337
soaps,4939,337
speak,5420,337
vizor,4939,337
wakes,4939,337
waxen,4939,337
wells,4939,337
yogic,4939,337
algae,4938,338
baddy,4938,338
banns,4938,338
batty,4938,338
bayou,4938,338
beers,4938,338
bully,4938,338
cones,4938,338
coypu,4938,338
cuppa,4938,338
fakes,4938,338
folio,4938,338
goats,4938,338
horsy,4938,338
knell,4938,338
loppy,4938,338
naves,4938,338
pukes,4938,338
pupil,4938,338
ratty,4938,338
sappy,4938,338
siree,4938,338
sleek,4938,338
slugs,4938,338
steps,5419,338
toddy,4938,338
weest,4938,338
zeals,4938,338
amahs,4937,339
beefs,4937,339
circa,4937,339
clues,4937,339
dishy,4937,339
etude,4937,339
exams,4937,339
fines,4937,339
fools,4937,339
gazed,4937,339
genie,4937,339
gibes,4937,339
hazer,4937,339
hoist,4937,339
igloo,4937,339
iliac,4937,339
kraal,4937,339
leggy,4937,339
maize,4937,339
maxis,4937,339
peace,5418,339
poesy,4937,339
rater,4937,339
rives,4937,339
roods,4937,339
runes,4937,339
seeth,4937,339
since,5418,339
tinny,4937,339
tubby,4937,339
vixen,4937,339
whoas,4937,339
yipes,4937,339
aorta,4936,340
daisy,4936,340
dread,4936,340
galls,4936,340
guyed,4936,340
harsh,4936,340
knack,4936,340
lusts,4936,340
means,5417,340
meets,4936,340
nutsy,4936,340
nylon,4936,340
oaken,4936,340
offed,4936,340
pampa,4936,340
pesos,4936,340
putts,4936,340
radio,5417,340
saran,4936,340
skims,4936,340
suite,4936,340
swigs,4936,340
taunt,4936,340
tokes,4936,340
yanks,4936,340
yawed,4936,340
abuse,4935,341
barbs,4935,341
boomy,4935,341
break,5416,341
cedes,4935,341
conic,4935,341
darer,4935,341
diazo,4935,341
drear,4935,341
frizz,4935,341
haves,4935,341
jings,4935,341
kites,4935,341
lulab,4935,341
messy,4935,341
miles,5416,341
natty,4935,341
radii,4935,341
rouge,4935,341
rupee,4935,341
rusts,4935,341
sally,4935,341
sleep,5416,341
unify,4935,341
zonks,4935,341
billy,4934,342
duces,4934,342
faxer,4934,342
fells,4934,342
fills,4934,342
flues,4934,342
ivory,4934,342
lazes,4934,342
loves,4934,342
resew,4934,342
rills,4934,342
ruins,4934,342
sheer,4934,342
soupy,4934,342
studs,4934,342
tetra,4934,342
aloes,4933,343
bikes,4933,343
burro,4933,343
busts,4933,343
cokes,4933,343
culls,4933,343
dukes,4933,343
elude,4933,343
endue,4933,343
gross,4933,343
gules,4933,343
japan,4933,343
ogres,4933,343
ovule,4933,343
paddy,4933,343
piano,5414,343
those,5414,343
visor,4933,343
adage,4932,344
apses,4932,344
axiom,4932,344
brush,5413,344
clock,5413,344
daily,5413,344
dared,4932,344
fenny,4932,344
gazer,4932,344
grogs,4932,344
haiku,4932,344
icing,4932,344
inner,4932,344
labia,4932,344
moody,4932,344
nippy,4932,344
pupal,4932,344
pushy,4932,344
resay,4932,344
roads,5413,344
rogue,4932,344
stunt,4932,344
truer,4932,344
veeps,4932,344
zetas,4932,344
abaci,4931,345
arose,4931,345
bongo,4931,345
curve,5412,345
discs,4931,345
druid,4931,345
fists,4931,345
fixit,4931,345
focus,4931,345
kiddo,4931,345
leers,4931,345
mecum,4931,345
moxie,4931,345
noddy,4931,345
puree,4931,345
rower,4931,345
sires,4931,345
soils,4931,345
spell,5412,345
surfs,4931,345
unbox,4931,345
wisps,4931,345
zesty,4931,345
adder,4930,346
anded,4930,346
anise,4930,346
apple,5411,346
asset,4930,346
began,5411,346
cills,4930,346
cloud,5411,346
dotty,4930,346
eater,4930,346
fatty,4930,346
faxed,4930,346
gills,4930,346
heady,4930,346
ionic,4930,346
jails,4930,346
lanai,4930,346
lobby,4930,346
mouse,4930,346
mutts,4930,346
quilt,4930,346
range,5411,346
ribby,4930,346
roomy,4930,346
sided,4930,346
skids,4930,346
stoat,4930,346
taken,5411,346
tufts,4930,346
ville,4930,346
would,5411,346
zings,4930,346
angry,5410,347
apsos,4929,347
burry,4929,347
catty,4929,347
didst,4929,347
eared,4929,347
exurb,4929,347
feuar,4929,347
foots,4929,347
gutsy,4929,347
mitts,4929,347
nasal,4929,347
overs,4929,347
pages,5410,347
purer,4929,347
rooks,4929,347
sewer,4929,347
shill,4929,347
shuts,4929,347
snuff,4929,347
stoas,4929,347
stuff,4929,347
there,5410,347
tommy,4929,347
toves,4929,347
twats,4929,347
unpin,4929,347
unsew,4929,347
valve,4929,347
votes,4929,347
wheys,4929,347
whiff,4929,347
works,5410,347
zincs,4929,347
agate,4928,348
alibi,4928,348
allow,5409,348
await,4928,348
based,5409,348
beets,4928,348
cluck,4928,348
cocks,4928,348
cushy,4928,348
cusps,4928,348
didos,4928,348
dully,4928,348
ester,4928,348
exist,4928,348
gappy,4928,348
hunch,4928,348
knife,5409,348
levis,4928,348
mazes,4928,348
mousy,4928,348
nitty,4928,348
nonce,4928,348
reedy,4928,348
slush,4928,348
tiffs,4928,348
treat,4928,348
tsars,4928,348
turns,5409,348
usurp,4928,348
veils,4928,348
watts,4928,348
annum,4927,349
azoic,4927,349
color,5408,349
desks,4927,349
gores,4927,349
gorge,4927,349
hoots,4927,349
jerky,4927,349
johns,4927,349
joker,4927,349
mimeo,4927,349
rally,4927,349
reeds,4927,349
refry,4927,349
sniff,4927,349
stage,5408,349
summa,4927,349
types,5408,349
undue,4927,349
utero,4927,349
wooer,4927,349
beefy,4926,350
bogus,4926,350
bushy,4926,350
dryad,4926,350
feeds,4926,350
hello,4926,350
homos,4926,350
jowly,4926,350
juste,4926,350
pinup,4926,350
poxes,4926,350
pupae,4926,350
qophs,4926,350
taffy,4926,350
tasks,4926,350
vibes,4926,350
watsa,4926,350
wheat,5407,350
beaus,4925,351
ceded,4925,351
chess,4925,351
emcee,4925,351
evils,4925,351
friar,4925,351
gooks,4925,351
hells,4925,351
hexad,4925,351
klunk,4925,351
rerun,4925,351
shins,4925,351
soles,4925,351
tikes,4925,351
tryst,4925,351
webby,4925,351
casks,4924,352
coves,4924,352
cycle,4924,352
diode,4924,352
dusts,4924,352
ferry,4924,352
feuds,4924,352
flees,4924,352
glues,4924,352
hazed,4924,352
hulls,4924,352
joyed,4924,352
kelly,4924,352
laugh,5405,352
masse,4924,352
mesas,4924,352
muffs,4924,352
musks,4924,352
novae,4924,352
reels,4924,352
sever,4924,352
sinks,4924,352
stood,5405,352
voile,4924,352
waste,5405,352
boffs,4923,353
boson,4923,353
cache,4923,353
dippy,4923,353
douse,4923,353
doxie,4923,353
filly,4923,353
found,5404,353
jewel,4923,353
naiad,4923,353
oxide,4923,353
roves,4923,353
safes,4923,353
shore,5404,353
somas,4923,353
tater,4923,353
texas,4923,353
trust,4923,353
vouch,4923,353
agora,4922,354
avers,4922,354
burrs,4922,354
cabby,4922,354
catch,5403,354
elegy,4922,354
fanin,4922,354
gaffs,4922,354
gangs,4922,354
given,5403,354
gunky,4922,354
horse,5403,354
kebob,4922,354
moony,4922,354
naive,4922,354
poses,4922,354
suety,4922,354
teens,4922,354
theta,4922,354
unary,4922,354
unman,4922,354
worse,5403,354
zingy,4922,354
adios,4921,355
brave,5402,355
cubes,4921,355
dated,4921,355
dewey,4921,355
dummy,4921,355
games,5402,355
genus,4921,355
hunky,4921,355
luvya,4921,355
names,5402,355
rummy,4921,355
skiff,4921,355
small,5402,355
swish,4921,355
three,5402,355
tunny,4921,355
unfix,4921,355
veins,4921,355
waxer,4921,355
whish,4921,355
alkyl,4920,356
argue,4920,356
dilly,4920,356
dozes,4920,356
gouts,4920,356
gouty,4920,356
hobos,4920,356
hones,4920,356
lases,4920,356
legal,4920,356
obeys,4920,356
ouzel,4920,356
skits,4920,356
syncs,4920,356
taxis,4920,356
vivre,4920,356
zeros,4920,356
adieu,4919,357
alloy,4919,357
axing,4919,357
boats,5400,357
bossy,4919,357
brass,4919,357
briar,4919,357
buyer,4919,357
heard,5400,357
hexed,4919,357
mixed,5400,357
nooks,4919,357
ousel,4919,357
pease,4919,357
saris,4919,357
scuds,4919,357
scull,4919,357
stays,4919,357
taxes,4919,357
tears,5400,357
toffs,4919,357
unban,4919,357
autos,4918,358
bound,5399,358
corer,4918,358
crass,4918,358
glees,4918,358
hippo,4918,358
icily,4918,358
quirt,4918,358
sakes,4918,358
sicks,4918,358
sneer,4918,358
stars,5399,358
tenet,4918,358
under,5399,358
vigil,4918,358
vines,4918,358
virus,4918,358
abase,4917,359
areal,4917,359
bonny,4917,359
buffa,4917,359
butts,4917,359
choos,4917,359
chuff,4917,359
cuppy,4917,359
exert,4917,359
folly,4917,359
fours,4917,359
fulls,4917,359
gonzo,4917,359
gutta,4917,359
hosts,4917,359
hyena,4917,359
jawed,4917,359
nosey,4917,359
other,5398,359
peeks,4917,359
punny,4917,359
shuns,4917,359
swash,4917,359
sways,4917,359
twist,4917,359
vague,4917,359
widow,4917,359
yards,5398,359
yourn,4917,359
caddy,4916,360
feels,4916,360
gaudy,4916,360
graze,4916,360
heeds,4916,360
keyed,4916,360
madam,4916,360
mahua,4916,360
pssst,4916,360
rutty,4916,360
scuff,4916,360
sighs,4916,360
tufty,4916,360
tykes,4916,360
urges,4916,360
usher,4916,360
aided,4915,361
alway,4915,361
arena,4915,361
arise,4915,361
axman,4915,361
baize,4915,361
bazar,4915,361
ditty,4915,361
dixit,4915,361
easel,4915,361
faces,5396,361
fetes,4915,361
leggo,4915,361
lorry,4915,361
novas,4915,361
papal,4915,361
quint,4915,361
rooms,5396,361
sloes,4915,361
testy,4915,361
wheel,5396,361
wists,4915,361
abash,4914,362
beery,4914,362
bunny,4914,362
chuck,4914,362
cycad,4914,362
disks,4914,362
easts,4914,362
feces,4914,362
fella,4914,362
guppy,4914,362
gusts,4914,362
harry,4914,362
holes,5395,362
imams,4914,362
junco,4914,362
lasso,4914,362
louis,4914,362
louse,4914,362
muddy,4914,362
nobby,4914,362
puffy,4914,362
reefs,4914,362
seine,4914,362
shiki,4914,362
sites,4914,362
sucks,4914,362
toffy,4914,362
twixt,4914,362
vices,4914,362
waxed,4914,362
weeds,4914,362
annul,4913,363
avows,4913,363
early,5394,363
faded,4913,363
feued,4913,363
gaffe,4913,363
goopy,4913,363
heels,4913,363
heres,4913,363
hoofs,4913,363
janes,4913,363
jeans,4913,363
jinks,4913,363
kills,4913,363
mebbe,4913,363
noose,4913,363
olios,4913,363
quoth,4913,363
raker,4913,363
rooky,4913,363
rotor,4913,363
rouse,4913,363
rumor,4913,363
sears,4913,363
sheep,5394,363
silly,4913,363
suras,4913,363
title,5394,363
verse,4913,363
wests,4913,363
yores,4913,363
aioli,4912,364
basso,4912,364
cysts,4912,364
fence,5393,364
flour,5393,364
hamza,4912,364
husky,4912,364
llama,4912,364
mucus,4912,364
paper,5393,364
payee,4912,364
psoas,4912,364
risks,4912,364
sexed,4912,364
slily,4912,364
snake,5393,364
sodas,4912,364
soppy,4912,364
sores,4912,364
tagua,4912,364
toter,4912,364
truss,4912,364
utter,4912,364
weeny,4912,364
yeast,4912,364
amiss,4911,365
biddy,4911,365
cubic,4911,365
desex,4911,365
deuce,4911,365
dewed,4911,365
event,5392,365
exits,4911,365
hooks,4911,365
idyll,4911,365
minis,4911,365
moose,4911,365
puffs,4911,365
semis,4911,365
situs,4911,365
skins,4911,365
sooty,4911,365
sorer,4911,365
sties,4911,365
supes,4911,365
adzes,4910,366
comes,5391,366
dandy,4910,366
dosed,4910,366
furor,4910,366
genii,4910,366
hazes,4910,366
hubba,4910,366
lease,4910,366
lying,5391,366
ought,5391,366
press,5391,366
rawer,4910,366
ruddy,4910,366
spazz,4910,366
tints,4910,366
vagus,4910,366
winds,5391,366
assed,4909,367
avast,4909,367
bases,4909,367
buffo,4909,367
coast,5390,367
could,5390,367
coyly,4909,367
evade,4909,367
floor,5390,367
fryer,4909,367
kebab,4909,367
kitty,4909,367
lossy,4909,367
miffs,4909,367
needy,4909,367
piece,5390,367
roger,4909,367
secco,4909,367
squab,4909,367
still,5390,367
weary,4909,367
whews,4909,367
ayins,4908,368
busks,4908,368
daffy,4908,368
gists,4908,368
gulls,4908,368
hilly,4908,368
knows,5389,368
kudos,4908,368
leery,4908,368
local,5389,368
maims,4908,368
nutty,4908,368
recur,4908,368
rural,4908,368
rusks,4908,368
snugs,4908,368
thees,4908,368
truth,5389,368
twits,4908,368
wings,5389,368
aloud,5388,369
audio,4907,369
gabby,4907,369
goofs,4907,369
hapax,4907,369
heads,5388,369
lakes,5388,369
layer,5388,369
loxes,4907,369
mixes,4907,369
otter,4907,369
piggy,4907,369
razor,4907,369
sages,4907,369
skull,4907,369
soups,4907,369
views,4907,369
aegis,4906,370
agues,4906,370
belle,4906,370
biffs,4906,370
dived,4906,370
doses,4906,370
eager,4906,370
faddy,4906,370
fishy,4906,370
jades,4906,370
jerks,4906,370
pyxie,4906,370
round,5387,370
shyly,4906,370
tikis,4906,370
waive,4906,370
wooed,4906,370
wooly,4906,370
byway,4905,371
cukes,4905,371
dazes,4905,371
fazes,4905,371
hocus,4905,371
pupas,4905,371
skulk,4905,371
squat,4905,371
steel,5386,371
tutor,4905,371
vogue,4905,371
above,5385,372
booky,4904,372
booze,4904,372
buoys,4904,372
cubby,4904,372
curry,4904,372
hikes,4904,372
junks,4904,372
music,5385,372
nulls,4904,372
pewee,4904,372
radar,4904,372
razes,4904,372
tusks,4904,372
azine,4903,373
canny,4903,373
duffs,4903,373
items,5384,373
kirks,4903,373
mimsy,4903,373
quail,4903,373
scene,5384,373
slues,4903,373
suave,4903,373
times,5384,373
witty,4903,373
woody,4903,373
bells,5383,374
buddy,4902,374
cover,5383,374
dodgy,4902,374
dunno,4902,374
eased,4902,374
evens,4902,374
hippy,4902,374
hoods,4902,374
juice,4902,374
known,5383,374
leeks,4902,374
oleos,4902,374
popes,4902,374
seeps,4902,374
suits,4902,374
whose,5383,374
woosh,4902,374
yolky,4902,374
axons,4901,375
baggy,4901,375
biffy,4901,375
fosse,4901,375
gummy,4901,375
hammy,4901,375
kulak,4901,375
loess,4901,375
looky,4901,375
outdo,4901,375
pipes,4901,375
soars,4901,375
tasty,4901,375
teats,4901,375
ureas,4901,375
waded,4901,375
weave,4901,375
calls,5381,376
djinn,4900,376
image,5381,376
lines,5381,376
motto,4900,376
muggy,4900,376
pique,4900,376
squad,4900,376
staff,5381,376
alley,4899,377
aural,4899,377
babes,4899,377
buffs,4899,377
busby,4899,377
dados,4899,377
doffs,4899,377
dozen,5380,377
edged,4899,377
fauna,4899,377
femme,4899,377
joule,4899,377
keels,4899,377
middy,4899,377
pukka,4899,377
quart,4899,377
shook,5380,377
smell,5380,377
soaks,4899,377
sonny,4899,377
study,5380,377
suets,4899,377
aging,4898,378
alias,4898,378
amaze,4898,378
annoy,4898,378
apply,5379,378
epoxy,4898,378
fives,4898,378
furry,4898,378
ginny,4898,378
gulag,4898,378
gurus,4898,378
gushy,4898,378
gutty,4898,378
heave,4898,378
homes,5379,378
jutes,4898,378
lavas,4898,378
loyal,4898,378
lurer,4898,378
pizza,4898,378
ruder,4898,378
sluff,4898,378
total,5379,378
tweet,4898,378
usage,4898,378
xerox,4898,378
ebbed,4897,379
egged,4897,379
evoke,4897,379
fanny,4897,379
finis,4897,379
frees,4897,379
goody,4897,379
green,5378,379
heigh,4897,379
hives,4897,379
memos,4897,379
musos,4897,379
outta,4897,379
sixty,4897,379
tools,5378,379
veers,4897,379
vexed,4897,379
cirri,4896,380
dozed,4896,380
heath,4896,380
iotas,4896,380
jetty,4896,380
levee,4896,380
obese,4896,380
rajah,4896,380
venue,4896,380
agars,4895,381
alike,5376,381
awake,4895,381
books,5376,381
class,5376,381
educe,4895,381
gauze,4895,381
gayly,4895,381
khaki,4895,381
kicky,4895,381
rover,4895,381
russe,4895,381
shays,4895,381
shoot,5376,381
sofas,4895,381
tight,5376,381
beaux,4894,382
faxes,4894,382
hooey,4894,382
keyer,4894,382
mimic,4894,382
osier,4894,382
ozone,4894,382
riser,4894,382
seedy,4894,382
undid,4894,382
value,5375,382
wryer,4894,382
erred,4893,383
fixed,5374,383
ileus,4893,383
kappa,4893,383
lotto,4893,383
lowly,4893,383
makes,5374,383
manna,4893,383
nixes,4893,383
rasae,4893,383
reeks,4893,383
reeky,4893,383
sells,4893,383
solos,4893,383
start,5374,383
stats,4893,383
styes,4893,383
vests,4893,383
wowed,4893,383
arses,4892,384
bossa,4892,384
cease,4892,384
dusks,4892,384
enter,5373,384
finny,4892,384
gully,4892,384
humus,4892,384
jibes,4892,384
joins,4892,384
kiwis,4892,384
nisei,4892,384
nukes,4892,384
ocean,5373,384
quoit,4892,384
revue,4892,384
ships,5373,384
unsay,4892,384
woofs,4892,384
cohos,4891,385
doggy,4891,385
elves,4891,385
jakes,4891,385
jeeps,4891,385
keens,4891,385
loses,4891,385
odour,4891,385
roots,5372,385
runny,4891,385
skunk,4891,385
suers,4891,385
these,5372,385
verve,4891,385
where,5372,385
alone,5371,386
ammos,4890,386
casus,4890,386
eerie,4890,386
eyrie,4890,386
gazes,4890,386
hoppy,4890,386
ivied,4890,386
ovoid,4890,386
reeve,4890,386
rough,5371,386
sills,4890,386
tease,4890,386
whoso,4890,386
abyss,4889,387
ahoys,4889,387
airer,4889,387
bebug,4889,387
boggy,4889,387
calla,4889,387
dowdy,4889,387
exile,4889,387
goony,4889,387
quals,4889,387
quota,4889,387
ruffs,4889,387
vacua,4889,387
zayin,4889,387
awash,4888,388
bones,5369,388
enemy,5369,388
extra,5369,388
goose,4888,388
hexer,4888,388
holly,4888,388
honor,5369,388
ixnay,4888,388
kayos,4888,388
kicks,4888,388
missy,4888,388
muses,4888,388
notes,5369,388
oboes,4888,388
oxbow,4888,388
roses,4888,388
saves,4888,388
serve,5369,388
squid,4888,388
walls,5369,388
yecch,4888,388
zones,4888,388
zowie,4888,388
azure,4887,389
cynic,4887,389
hubby,4887,389
kinks,4887,389
looks,5368,389
luaus,4887,389
sugar,5368,389
tones,5368,389
wahoo,4887,389
wives,4887,389
abbey,4886,390
cells,5367,390
coxes,4886,390
cross,5367,390
falls,5367,390
genes,4886,390
gooey,4886,390
kinds,5367,390
rises,4886,390
sines,4886,390
squib,4886,390
uvula,4886,390
attar,4885,391
golly,4885,391
hullo,4885,391
junky,4885,391
oozed,4885,391
outgo,4885,391
siege,4885,391
tooth,4885,391
yules,4885,391
freer,4884,392
lousy,4884,392
never,5365,392
seven,5365,392
shall,5365,392
south,5365,392
takes,5365,392
unwon,4884,392
varia,4884,392
alive,5364,393
curer,4883,393
goofy,4883,393
isles,4883,393
neons,4883,393
salsa,4883,393
souls,4883,393
sound,5364,393
suede,4883,393
cooky,4882,394
ensue,4882,394
eyers,4882,394
foxes,4882,394
fugue,4882,394
geeks,4882,394
momma,4882,394
pixie,4882,394
quack,4882,394
quote,4882,394
sauna,4882,394
udder,4882,394
unsex,4882,394
buggy,4881,395
nixie,4881,395
noisy,4881,395
nooky,4881,395
peeve,4881,395
aerie,4880,396
augur,4880,396
gamma,4880,396
gunny,4880,396
gyves,4880,396
hobby,4880,396
jells,4880,396
mimes,4880,396
ready,5361,396
saved,5361,396
sudsy,4880,396
vulva,4880,396
ashes,4879,397
cuffs,4879,397
equip,4879,397
giddy,4879,397
loggy,4879,397
quire,4879,397
quoin,4879,397
scuse,4879,397
sinus,4879,397
soots,4879,397
tells,5360,397
tuxes,4879,397
union,4879,397
voice,5360,397
yokes,4879,397
zooms,4879,397
deads,4878,398
doors,5359,398
highs,4878,398
joust,4878,398
okays,4878,398
surer,4878,398
yucky,4878,398
agave,4877,399
anion,4877,399
avail,4877,399
check,5358,399
exact,5358,399
gigas,4877,399
juicy,4877,399
kudzu,4877,399
lisle,4877,399
magma,4877,399
nexus,4877,399
order,5358,399
quark,4877,399
rules,5358,399
squaw,4877,399
totes,4877,399
zappy,4877,399
biggy,4876,400
glass,5357,400
henna,4876,400
minim,4876,400
raver,4876,400
rears,4876,400
stout,4876,400
villa,4876,400
coqui,4875,401
husks,4875,401
infix,4875,401
jello,4875,401
kinky,4875,401
moves,5356,401
execs,4874,402
jelly,4874,402
noses,4874,402
yogis,4874,402
asked,5354,403
muxes,4873,403
roars,4873,403
shell,5354,403
erase,4872,404
gauzy,4872,404
joist,4872,404
ousts,4872,404
quips,4872,404
ruses,4872,404
sieve,4872,404
toast,4872,404
yawny,4872,404
yogas,4872,404
zebus,4872,404
avian,4871,405
dress,5352,405
fluff,4871,405
hills,5352,405
lives,5352,405
luxes,4871,405
maxim,4871,405
sagas,4871,405
avoid,5351,406
fossa,4870,406
gesso,4870,406
kiosk,4870,406
pussy,4870,406
quest,4870,406
yells,4870,406
yours,4870,406
zests,4870,406
zooks,4870,406
dried,5350,407
eaten,5350,407
jokes,4869,407
likes,5350,407
poops,4869,407
seest,4869,407
shies,4869,407
ukase,4869,407
egger,4868,408
gauss,4868,408
huffs,4868,408
papaw,4868,408
woods,5349,408
yikes,4868,408
aurae,4867,409
auras,4867,409
carry,5348,409
dyads,4867,409
jests,4867,409
mamas,4867,409
quads,4867,409
shoos,4867,409
shows,5348,409
stets,4867,409
arias,4866,410
huffy,4866,410
kazoo,4866,410
lolls,4866,410
mezzo,4866,410
mussy,4866,410
happy,5346,411
judos,4865,411
peeps,4865,411
toque,4865,411
abaca,4864,412
buses,4864,412
cocoa,4864,412
costs,5345,412
couch,4864,412
foggy,4864,412
leave,5345,412
ninja,4864,412
scuzz,4864,412
sushi,4864,412
weedy,4864,412
algal,4863,413
fiefs,4863,413
hadda,4863,413
inane,4863,413
seers,4863,413
soggy,4863,413
sully,4863,413
which,5344,413
amass,4862,414
dudes,4862,414
guise,4862,414
juror,4862,414
papas,4862,414
reuse,4862,414
river,5343,414
sheet,5343,414
signs,5343,414
boozy,4861,415
enjoy,5342,415
finif,4861,415
gooky,4861,415
hooky,4861,415
loose,5342,415
nines,4861,415
quirk,4861,415
saxes,4861,415
yahoo,4861,415
youth,5342,415
bozos,4860,416
epees,4860,416
gages,4860,416
gassy,4860,416
guava,4860,416
skies,4860,416
sunny,4860,416
error,4859,417
fixes,4859,417
nones,4859,417
tutti,4859,417
unsee,4859,417
guide,5339,418
sours,4858,418
sweet,5339,418
yella,4858,418
doozy,4857,419
fuzes,4857,419
goods,5338,419
hayey,4857,419
jenny,4857,419
jives,4857,419
vases,4857,419
wazoo,4857,419
worry,5338,419
yucca,4857,419
aside,5337,420
cause,5337,420
cocky,4856,420
jolly,4856,420
visas,4856,420
needs,5336,421
skill,5336,421
trees,5336,421
waves,5336,421
whizz,4855,421
aways,4854,422
cocas,4854,422
abuzz,4853,423
cacao,4853,423
civvy,4853,423
dazed,4853,423
eaves,4853,423
jammy,4853,423
raise,5334,423
slyly,4853,423
canna,4852,424
hoses,4852,424
jeers,4852,424
outer,5333,424
songs,5333,424
divvy,4851,425
memes,4851,425
onion,4851,425
shahs,4851,425
teeth,5332,425
tizzy,4851,425
touts,4851,425
annex,4850,426
essay,4850,426
gigue,4850,426
goosy,4850,426
gyppy,4850,426
users,4850,426
zippy,4850,426
boffo,4849,427
going,5330,427
noise,5330,427
savvy,4849,427
segue,4849,427
casas,4848,428
fuses,4848,428
laxly,4848,428
rajas,4848,428
razer,4848,428
seeks,4848,428
boobs,4847,429
cooch,4847,429
hours,5328,429
state,5328,429
upper,5328,429
using,5328,429
xenon,4847,429
exude,4846,430
jinns,4846,430
texts,4846,430
deeds,4845,431
fusee,4845,431
grass,5326,431
jerry,4845,431
kooks,4845,431
offer,5326,431
pappy,4845,431
taste,5326,431
tatty,4845,431
doggo,4844,432
ideas,5325,432
noons,4844,432
agree,5324,433
ended,5324,433
fully,5324,433
gouge,4843,433
hooch,4843,433
peppy,4843,433
sides,5324,433
swiss,4843,433
wheee,4843,433
huzza,4842,434
wises,4842,434
etext,4841,435
occur,5322,435
toots,4841,435
ennui,4840,436
exeat,4840,436
lulls,4840,436
urger,4840,436
villi,4840,436
jaded,4839,437
quits,4839,437
vivas,4839,437
wanna,4839,437
hexes,4838,438
injun,4838,438
quasi,4838,438
quids,4838,438
youse,4838,438
fussy,4837,439
jukes,4837,439
keeps,5318,439
lulus,4837,439
whooo,4837,439
young,5318,439
affix,4836,440
basis,5317,440
gives,5317,440
jimmy,4836,440
sorry,5317,440
units,5317,440
arras,4835,441
axial,4835,441
judge,5316,441
quash,4835,441
fifes,4834,442
fifty,5315,442
refer,5315,442
years,5314,443
buzzy,4832,444
kikes,4832,444
oasis,4832,444
soyas,4832,444
ouija,4830,446
souse,4830,446
aware,5310,447
booby,4829,447
shish,4829,447
titty,4829,447
quick,5309,448
wassa,4828,448
boxes,5308,449
quipu,4827,449
again,5307,450
joeys,4826,450
rarer,4826,450
foods,5306,451
mummy,4825,451
woozy,4825,451
yummy,4825,451
allay,4824,452
house,5305,452
oases,4823,453
vivid,4823,453
annas,4822,454
daddy,4822,454
puppy,4822,454
civic,4821,455
visit,5302,455
mammy,4820,456
quaff,4820,456
seize,4820,456
ajuga,4819,457
deque,4819,457
lolly,4819,457
waxes,5300,457
dizzy,4818,458
jiffs,4818,458
sizes,4818,458
funny,5298,459
query,4817,459
gauge,4816,460
quake,4816,460
tutus,4816,460
weeks,5297,460
ahead,5296,461
edges,5296,461
quill,4815,461
seems,5296,461
vexes,4815,461
hurry,5295,462
hussy,4814,462
quiff,4813,463
bubba,4812,464
fizzy,4812,464
geese,4812,464
ivies,4812,464
jaggy,4812,464
level,5293,464
sassy,4812,464
cases,5292,465
fuzzy,4811,465
quays,4811,465
bobby,4809,467
dodos,4809,467
quell,4809,467
totty,4809,467
usury,4809,467
cocos,4808,468
immix,4808,468
eases,4807,469
jiffy,4807,469
kaiak,4807,469
shoes,5288,469
asses,4806,470
bibbs,4806,470
quiet,5287,470
vises,4806,470
heavy,5286,471
ruler,5286,471
shush,4805,471
quais,4804,472
sixes,4803,473
array,4802,474
kayak,4802,474
quite,5283,474
yobbo,4801,475
diddy,4800,476
sense,5281,476
asana,4799,477
poppy,4799,477
queen,4799,477
sissy,4799,477
issue,4796,480
duddy,4795,481
seeds,5276,481
cocci,4794,482
gases,5275,482
ninny,4794,482
mommy,4793,483
oozes,4792,484
nonny,4791,485
zooey,4787,489
usual,5266,491
knees,5265,492
nanny,4784,492
assai,4783,493
mamma,4782,494
sexes,4781,495
areas,5261,496
aquas,4777,499
guess,5254,503
assay,4771,505
tests,5251,506
every,5249,508
wowee,4767,509
equal,5247,510
kooky,4766,510
yukky,4766,510
yeses,4761,515
oxeye,4757,519
queer,4755,521
jazzy,4746,530
aquae,4741,535
yoyos,4741,535
nouns,5218,539
added,5215,542
esses,4722,554
jujus,4718,558
ahhhh,4708,568
ohhhh,4704,572
queue,4679,597
